"name","id","total_runs","inf_of_runs","range_runs","arm_runs","dp_runs","fielding_runs_prevented_on_rec1b","catching_runs","framing_runs","throwing_runs","blocking_runs","outs_total","outs_2","outs_3","outs_4","outs_5","outs_6","outs_7","outs_8","outs_9"
"Crow-Armstrong, Pete",691718,26.792630219972366,26.792630219972366,23.081889161919115,3.710741058053235,,,,,,,3972,0,0,0,0,0,0,3972,0
"Wetherholt, JJ",802139,22.181013285705784,22.181013285705784,17.375337142638504,0.4428026030720146,4.362873539995255,,,,,,3471,0,0,3181,0,290,0,0,0
"Winn, Masyn",691026,16.436508078574047,16.436508078574047,13.473628202068758,-0.1285748115279017,3.0914546880331892,,,,,,3325,0,0,0,0,3325,0,0,0
"Witt Jr., Bobby",677951,15.64573295129784,15.64573295129784,16.80606230122259,0.22492911559034784,-1.3852584655151017,,,,,,3471,0,0,0,0,3471,0,0,0
"Giménez, Andrés",665926,15.169470985537219,15.169470985537219,13.815447693591919,0.8040175930714325,0.5500056988738703,,,,,,3429,0,0,0,0,3429,0,0,0
"Rafaela, Ceddanne",678882,15.02633654016976,15.02633654016976,13.859170564878042,1.1671659752917196,,,,,,,3478,0,0,0,0,0,0,3478,0
"Dingler, Dillon",693307,13.429349151382755,,,,,,13.429349151382755,7.785886723251423,2.930357317310228,2.7131051108211044,2879,2879,0,0,0,0,0,0,0
"Duran, Ezequiel",677649,13.080646124836395,13.080646124836395,12.441708405003958,0.5311001656141003,0.006998498891753958,0.10083905532658383,,,,,3691,0,54,666,1024,1209,282,240,216
"Turang, Brice",668930,12.49384621661961,12.49384621661961,9.346571859820257,0.030061303566753954,3.1172130532325966,,,,,,3812,0,0,3776,0,36,0,0,0
"Perdomo, Geraldo",672695,12.219195695277385,12.219195695277385,11.194225630919103,0.39067371112442223,0.6342963532338598,,,,,,3960,0,0,0,0,3960,0,0,0
"Ortiz, Joey",687401,11.929041964665238,11.929041964665238,11.201321432890055,-0.20814756128424666,0.9358680930594339,,,,,,2843,0,6,6,1116,1715,0,0,0
"Pages, Andy",681624,11.817600939176698,11.817600939176698,7.64196126735649,4.175639671820198,,,,,,,3290,0,0,0,0,0,0,3290,0
"Valenzuela, Brandon",678218,11.703991158278088,-0.1701548184526057,-0.19046963455702945,,,0.02031481610442376,11.874145976730691,7.3369767563132635,5.09920200492016,-0.5620327845027401,1856,1799,57,0,0,0,0,0,0
"Swanson, Dansby",621020,11.53563632905607,11.53563632905607,12.220046611076999,0.1142057856484369,-0.7986160676693618,,,,,,3122,0,0,0,0,3122,0,0,0
"Rutschman, Adley",668939,11.45806804311887,,,,,,11.45806804311887,6.487146981565374,4.047631129462616,0.9232899320908724,1928,1928,0,0,0,0,0,0,0
"Lowe, Brandon",664040,11.384718308832507,11.384718308832507,10.578603859473159,,0.8061144493593493,,,,,,3412,0,0,3412,0,0,0,0,0
"Olson, Matt",621566,11.220967569878631,11.220967569878631,8.192066385467614,,2.4068034467223023,0.6220977376887113,,,,,4131,0,4128,0,0,0,0,0,3
"McKinstry, Zach",656716,11.006558487694033,11.006558487694033,6.145577414709591,4.393956853238515,0.467024219745923,,,,,,2800,0,0,749,121,573,39,99,1213
"Harris II, Michael",671739,10.887964477164013,10.887964477164013,10.769923512755152,0.11804096440885947,,,,,,,3651,0,0,0,0,0,48,3603,0
"Meidroth, Chase",805367,10.776129832973353,10.776129832973353,7.572625333987865,-0.008231543951473113,3.211736042936962,,,,,,3941,0,0,3761,18,162,0,0,0
"Rocchio, Brayan",677587,10.76624102852486,10.76624102852486,9.866434175582999,1.1323119608817287,-0.2325051079398694,,,,,,3878,0,0,249,0,3629,0,0,0
"Merrill, Jackson",701538,10.631462283216905,10.631462283216905,5.403679507440868,5.227782775776035,,,,,,,3964,0,0,0,0,0,0,3964,0
"Arraez, Luis",650333,10.627556830031512,10.627556830031512,9.361241947373765,0.31538108402398957,0.9509337986337603,,,,,,3760,0,0,3754,6,0,0,0,0
"Lopez, Otto",672640,10.56873875738127,10.56873875738127,8.909867042158067,0.6858043898875917,0.9730673253356115,,,,,,3930,0,0,0,0,3930,0,0,0
"France, Ty",664034,10.341580620471143,10.341580620471143,6.293924220350977,,0.8465126482013811,3.201143751918783,,,,,2950,0,2932,0,18,0,0,0,0
"Peters, Tristan",671976,10.199076432134856,10.199076432134856,10.533911596792407,-0.3348351646575497,,,,,,,3261,0,0,0,0,0,234,2712,315
"DeLuca, Jonny",676356,10.054678520087547,10.054678520087547,10.903885233275744,-0.8492067131881955,,,,,,,2184,0,0,0,0,0,66,906,1212
"Montgomery, Colson",695657,10.039282252636163,10.039282252636163,8.802797351903859,0.06363212533738515,1.1728527753949227,,,,,,3593,0,0,0,761,2832,0,0,0
"Torrens, Luis",620443,9.667502329115047,0.008590868601711543,,,,0.008590868601711543,9.658911460513334,5.884638141148725,2.1641815711519423,1.6100917482126593,1962,1946,9,0,0,0,0,0,0
"Mack, Joe",691788,9.51409208319446,,,,,,9.51409208319446,4.81032361790355,4.614031797657661,0.08973666763325043,2276,2276,0,0,0,0,0,0,0
"Fermin, Freddy",666023,9.361135310887938,,,,,,9.361135310887938,2.787098962532231,4.194137582841249,2.37989876551446,1946,1946,0,0,0,0,0,0,0
"Mullins, Cedric",656775,9.242461364924727,9.242461364924727,10.021432263740218,-0.778970898815496,,,,,,,3147,0,0,0,0,0,0,3147,0
"Kirk, Alejandro",672386,9.205336949755964,,,,,,9.205336949755964,6.987833733807599,-1.3590594600097823,3.576562675958142,1703,1703,0,0,0,0,0,0,0
"Mesa Jr., Victor",683748,9.045157414194504,9.045157414194504,8.265626595406863,0.7795308187876415,,,,,,,1615,0,0,0,0,0,81,51,1483
"Cowser, Colton",681297,8.933875661999773,8.933875661999773,9.080978814461204,-0.14710315246143468,,,,,,,2544,0,0,0,0,0,161,1887,496
"Carter, Evan",694497,8.693291731249383,8.693291731249383,9.523058837703655,-0.8297671064542723,,,,,,,2924,0,0,0,0,0,0,2924,0
"Bellinger, Cody",641355,8.654686958402433,8.654686958402433,5.073174201793946,3.533608961433878,,0.047903795174606134,,,,,3337,0,50,0,0,0,2918,321,48
"Young, Jacob",696285,8.64773699031758,8.64773699031758,9.993897941895893,-1.3461609515783186,,,,,,,3150,0,0,0,0,0,0,3150,0
"Hoerner, Nico",663538,8.5837103194834,8.5837103194834,7.352804767294417,0.05188904871327352,1.1790165034756999,,,,,,3969,0,0,2936,0,1033,0,0,0
"Heineman, Tyler",623168,8.267407533379656,,,,,,8.267407533379656,5.84706491753435,2.433999860793685,-0.013657244948379624,1530,1514,0,0,0,0,0,0,0
"Lukes, Nathan",664770,8.16257151036833,8.16257151036833,1.8684477011907723,6.294123809177561,,,,,,,2654,0,0,0,0,0,240,177,2237
"Chourio, Jackson",694192,8.131240442067579,8.131240442067579,5.345137447016514,2.7861029950510665,,,,,,,3148,0,0,0,0,0,2948,197,3
"Nuñez, Nasim",683083,7.98285102018361,7.98285102018361,3.187026385252451,0.18840702767957976,4.607417607251573,,,,,,3372,0,0,2526,0,846,0,0,0
"Suzuki, Seiya",673548,7.87009825287959,7.87009825287959,4.037554670661852,3.8325435822177383,,,,,,,2780,0,0,0,0,0,0,0,2780
"Moreno, Gabriel",672515,7.822359251492553,,,,,,7.822359251492553,5.090445858935656,1.6032265633072773,1.12868682924962,2589,2586,0,0,3,0,0,0,0
"Massey, Michael",686681,7.794347108211165,7.794347108211165,8.678907358181604,-0.11900819458521003,-0.7655520553852283,,,,,,2917,0,0,2848,6,0,60,0,3
"Wilson, Jacob",805779,7.740569482768525,7.740569482768525,6.879922271515608,0.22910713367426155,0.6315400775786562,,,,,,1912,0,0,0,0,1912,0,0,0
"Benge, Carson",701807,7.335961182892787,7.335961182892787,0.11213244411068857,7.223828738782102,,,,,,,3861,0,0,0,0,0,351,243,3267
"Machado, Manny",592518,7.26117250685052,7.26117250685052,7.507185677819392,,-0.24601317096887204,,,,,,3516,0,0,0,3516,0,0,0,0
"Wells, Austin",669224,7.234423761849445,,,,,,7.234423761849445,6.386376453311994,-1.5331671841047427,2.3812144926421954,2800,2800,0,0,0,0,0,0,0
"Kwan, Steven",680757,7.185885532559848,7.185885532559848,6.8254900548379895,0.360395477721854,,,,,,,3659,0,0,0,0,0,1832,1827,0
"Chisholm Jr., Jazz",665862,6.677575612652861,6.677575612652861,8.809695696861805,-0.053722007898171,-2.078398076310773,,,,,,3384,0,0,3384,0,0,0,0,0
"Bregman, Alex",608324,6.660595642376429,6.660595642376429,6.486216186988158,,0.1743794553882724,,,,,,3744,0,0,0,3744,0,0,0,0
"Walker, Christian",572233,6.5672118600522245,6.5672118600522245,2.906886591809108,,2.075417498418938,1.5849077698241785,,,,,3746,0,3746,0,0,0,0,0,0
"Goldschmidt, Paul",502671,6.560923761514426,6.560923761514426,3.7562316798857083,,1.0345500676045387,1.7701420140241786,,,,,1843,0,1843,0,0,0,0,0,0
"Lowe, Josh",666139,6.3537997646103666,6.3537997646103666,2.050632015227072,4.3031677493833005,,,,,,,2269,0,0,0,0,0,1024,363,882
"Betts, Mookie",605141,6.326845012591566,6.326845012591566,5.661394864726554,0.2474133726936567,0.41803677517135845,,,,,,3008,0,0,0,0,3008,0,0,0
"Bailey, Patrick",672275,6.0076094320996205,,,,,,6.0076094320996205,4.5820620299249315,3.10401885897977,-1.67847145680508,2403,2403,0,0,0,0,0,0,0
"Burleson, Alec",676475,5.961423037900496,5.961423037900496,-0.3034049143131544,0.01721038952579829,0.8698339673848177,5.377783595303036,,,,,3869,0,3869,0,0,0,0,0,0
"Happ, Ian",664023,5.9061748602461925,5.9061748602461925,1.2215602234779939,4.684614636768198,,,,,,,3584,0,0,0,0,0,3584,0,0
"Stott, Bryson",681082,5.733681654275783,5.733681654275783,6.635383469705417,0.2117295218024111,-1.1134313372320483,,,,,,3801,0,0,2770,1031,0,0,0,0
"Ewing, A.J.",805999,5.654146290449207,5.654146290449207,4.714710982052319,0.9394353083968844,,,,,,,2885,0,0,30,0,0,429,2375,51
"Schanuel, Nolan",694384,5.380247903629676,5.380247903629676,3.209289496584511,,0.20777494282036002,1.9631834642248038,,,,,2689,0,2689,0,0,0,0,0,0
"Volpe, Anthony",683011,5.355080250381863,5.355080250381863,4.516866451881696,,0.8382137985001664,,,,,,1590,0,0,253,0,1337,0,0,0
"Matthews, Brice",694728,5.271997353033145,5.271997353033145,4.4106413982364066,0.6465377430614127,0.21481821173532098,,,,,,1578,0,0,327,27,0,429,795,0
"Garcia, Maikel",672580,5.19574843270796,5.19574843270796,4.37013842203544,0.00941590016140764,0.8161941105111121,,,,,,1863,0,0,0,1800,63,0,0,0
"Guerrero Jr., Vladimir",665489,5.010241435493784,5.010241435493784,3.526871649141745,,0.9623631844659041,0.5210066018861318,,,,,3235,0,3235,0,0,0,0,0,0
"Chapman, Matt",656305,4.993022605744067,4.993022605744067,2.8005100381382655,,2.192512567605801,,,,,,2156,0,0,0,2156,0,0,0,0
"Carroll, Corbin",682998,4.981798310596783,4.981798310596783,10.27852153994643,-5.296723229349643,,,,,,,3802,0,0,0,0,0,0,0,3802
"Pagés, Pedro",686780,4.980518893506426,0.0572990753807694,0.056583659488730405,,,0.0007154158920389952,4.923219818125657,3.253446143352509,1.7615072319592455,-0.09173355718609687,1573,1555,12,0,0,0,0,0,0
"Abreu, Wilyer",677800,4.95327846161786,4.95327846161786,2.468716292979335,2.484562168638527,,,,,,,3936,0,0,0,0,0,0,0,3936
"Marte, Ketel",606466,4.940969336387911,4.940969336387911,3.044459035331721,0.18202481457319641,1.7144854864829955,,,,,,2855,0,0,2855,0,0,0,0,0
"Marsee, Jakob",805300,4.904173494793075,4.904173494793075,7.44934896497171,-2.545175470178635,,,,,,,3605,0,0,0,0,0,0,3605,0
"Schneemann, Daniel",682177,4.88526527192557,4.88526527192557,4.897846762759758,0.20873515474776877,-0.2213166455819568,,,,,,1847,0,0,282,737,132,3,651,42
"Durbin, Caleb",702332,4.819811313583295,4.819811313583295,3.0463955941596783,,1.7734157194236173,,,,,,3771,0,0,0,3771,0,0,0,0
"Hayes, Ke'Bryan",663647,4.809387401773452,4.809387401773452,3.550108717831453,,1.2592786839419992,,,,,,1894,0,0,0,1894,0,0,0,0
"Mitchell, Garrett",669003,4.7341387489312465,4.7341387489312465,6.325849590711628,-1.5917108417803791,,,,,,,3174,0,0,0,0,0,0,3174,0
"De La Cruz, Elly",682829,4.69130236969375,4.69130236969375,5.398332853658973,0.004859225746143085,-0.7118897097113653,,,,,,3313,0,0,0,0,3313,0,0,0
"Narváez, Carlos",665966,4.690562588857834,,,,,,4.690562588857834,2.06608497348137,-0.6469704551334509,3.27144807050991,2132,2129,0,3,0,0,0,0,0
"Rumfield, TJ",681198,4.684939975177898,4.684939975177898,3.119540988981729,-0.0853133531075398,0.3115364623502178,1.339175876953493,,,,,3361,0,3361,0,0,0,0,0,0
"Burger, Jake",669394,4.547913228992971,4.547913228992971,1.339167342897506,,1.0181568758021082,2.190589010293357,,,,,3766,0,3766,0,0,0,0,0,0
"Duran, Jarren",680776,4.494683498065107,4.494683498065107,4.926241129385724,-0.4315576313206186,,,,,,,3458,0,0,0,0,0,3114,344,0
"García, Adolis",666969,4.311926135552306,4.311926135552306,3.273020102777096,1.0389060327752082,,,,,,,1713,0,0,0,0,0,0,24,1689
"Waldschmidt, Ryan",814439,4.278765130865732,4.278765130865732,1.1768592848561783,3.1019058460095543,,,,,,,1927,0,0,0,0,0,617,1310,0
"Bogaerts, Xander",593428,4.23307108650064,4.23307108650064,2.11090600233415,0.1007886124988289,2.0213764716676614,,,,,,3772,0,0,0,0,3772,0,0,0
"Gilbert, Drew",687551,4.045579379418106,4.045579379418106,3.5008889908215566,0.5446903885965503,,,,,,,2497,0,0,0,0,0,224,2108,165
"Tatis Jr., Fernando",665487,3.9574613490744017,3.9574613490744017,2.6214120760922586,1.2569789940278153,0.0790702789543263,,,,,,3906,0,0,1221,0,0,0,0,2685
"Straw, Myles",664702,3.9334670605910267,3.9334670605910267,4.342799058865415,-0.40933199827438976,,,,,,,2183,0,0,0,0,0,877,796,498
"McLain, Matt",680574,3.871939562863935,3.871939562863935,4.346542950200243,-0.17683066197396435,-0.2977727253623478,,,,,,3210,0,0,2413,0,752,0,45,0
"Vivas, Jorbit",678391,3.788825760772146,3.788825760772146,3.2552575218865636,0.05738547432881745,0.47618276455676045,,,,,,2176,0,0,1086,1078,0,0,0,0
"Langford, Wyatt",694671,3.6607706088870113,3.6607706088870113,3.7599759764970826,-0.0992053676100717,,,,,,,2421,0,0,0,0,0,2094,327,0
"Varsho, Daulton",662139,3.659153404166986,3.659153404166986,6.380219479405732,-2.7210660752387428,,,,,,,3411,0,0,0,0,0,27,3384,0
"Isbel, Kyle",664728,3.595331223785927,3.595331223785927,5.13855424423239,-1.5432230204464616,,,,,,,2249,0,0,0,0,0,0,2249,0
"Simpson, Chandler",802415,3.583253873881085,3.583253873881085,7.849363370058992,-4.266109496177905,,,,,,,3747,0,0,0,0,0,3699,48,0
"Crews, Dylan",686611,3.571937021992366,3.571937021992366,3.5987049180000232,-0.026767896007656472,,,,,,,2529,0,0,0,0,0,249,774,1506
"Dubón, Mauricio",643289,3.4219372604428724,3.4219372604428724,2.8242251270028937,1.3900155754319552,-0.7923034419919766,,,,,,3843,0,0,102,135,1319,1912,375,0
"Vargas, Ildemaro",545121,3.401867791313647,3.401867791313647,1.15138228528537,,1.4560405731867356,0.7944449328415409,,,,,2927,0,1435,1298,75,96,12,0,0
"Vázquez, Christian",543877,3.242978531784347,,,,,,3.242978531784347,5.845634235661495,-1.0388959069682135,-1.5637597969089363,1932,1932,0,0,0,0,0,0,0
"Bolte, Henry",703607,3.2196000928949324,3.2196000928949324,1.5904496914417015,1.6291504014532328,,,,,,,2754,0,0,0,0,0,108,2619,27
"Sogard, Nick",686765,3.1639407405062134,3.1639407405062134,1.5637432852215656,,0.9022792342131915,0.6979182210714565,,,,,1535,0,404,852,180,99,0,0,0
"Martin, Austin",668885,3.1380341405496033,3.1380341405496033,1.5976222555255621,1.5404118850240418,,,,,,,2179,0,0,0,0,0,947,141,1091
"Friedl, TJ",670770,3.1272579168498527,3.1272579168498527,3.800969599149336,-0.6737116822994851,,,,,,,1806,0,0,0,0,0,436,1370,0
"Williams, Alika",675961,3.1131323497578314,3.1131323497578314,2.1950802630573447,0.0037555865288404038,0.9142965001716471,,,,,,1589,0,0,330,3,1256,0,0,0
"Hicks, Liam",689414,3.044436016831588,0.8523853454795534,1.2401865981637625,,-0.25094450314056377,-0.1368567495436458,2.192050671352035,1.128748681481042,1.7819605096983362,-0.7186585198273423,2104,1530,574,0,0,0,0,0,0
"Montgomery, Braden",695731,2.818181808789251,2.818181808789251,-0.23087738255235146,3.0490591913416027,,,,,,,2232,0,0,0,0,0,0,12,2220
"Davis, Henry",680779,2.5837280134486638,,,,,,2.5837280134486638,-0.16016263391253843,1.9179090401752794,0.825981607185924,2181,2181,0,0,0,0,0,0,0
"Sanoja, Javier",691594,2.5613281986303926,2.5613281986303926,1.4422114419071326,0.10165930232413715,1.0174574543991275,,,,,,3106,0,0,348,2230,166,153,44,151
"Hill, Derek",656537,2.559034936894973,2.559034936894973,2.7992643028268906,-0.2402293659319205,,,,,,,1504,0,3,0,0,0,97,789,615
"Scott II, Victor",687363,2.4835523106788684,2.4835523106788684,3.2926566024695725,-0.8091042917907046,,,,,,,1503,0,0,0,0,0,67,1415,21
"Smith, Cam",701358,2.4097853661625575,2.4097853661625575,5.412321810437335,-3.002536444274779,,,,,,,3632,0,0,0,0,0,0,6,3626
"Taylor, Tyrone",621438,2.356348007491059,2.356348007491059,0.6416729060402678,1.714675101450793,,,,,,,1537,0,0,0,0,0,733,479,325
"Ramírez, José",608070,2.346212118292486,2.346212118292486,2.311075206466093,,0.035136911826394335,,,,,,2461,0,0,0,2461,0,0,0,0
"Paredes, Isaac",670623,2.2478323859888234,2.2478323859888234,0.6582042991999704,0.0019142389499294107,1.1259441559304502,0.46176969190847383,,,,,3605,0,174,75,3356,0,0,0,0
"Lile, Daylen",695734,2.207016972225317,2.207016972225317,0.9579492089789007,1.2490677632464173,,,,,,,3329,0,0,0,0,0,3212,0,117
"Jensen, Carter",695600,2.1925126339069725,,,,,,2.1925126339069725,2.789273974129198,1.5792343257240193,-2.175995665946246,2472,2472,0,0,0,0,0,0,0
"Busch, Michael",683737,2.186187929390921,2.186187929390921,3.461588897584437,,-0.11393041023409162,-1.161470557959423,,,,,4041,0,4041,0,0,0,0,0,0
"Sosa, Edmundo",624641,1.92594896738219,1.92594896738219,3.1279215343089946,-0.9568536973615217,-0.24511886956528267,,,,,,1507,0,0,259,417,285,546,0,0
"Naylor, Josh",647304,1.9222597283536502,1.9222597283536502,1.013629485200795,,1.3550250880144339,-0.44639484486158065,,,,,3835,0,3835,0,0,0,0,0,0
"Freeman, Freddie",518692,1.8838777690393465,1.8838777690393465,-1.2136736848687641,,-0.22864329729067262,3.3261947511987855,,,,,3749,0,3749,0,0,0,0,0,0
"García Jr., Luis",671277,1.8833195516318182,1.8833195516318182,2.1332805513122013,,1.2850282988611865,-1.5349892985415703,,,,,2849,0,2849,0,0,0,0,0,0
"Edman, Tommy",669242,1.8729753451833988,1.8729753451833988,2.3121646481302505,-0.2131620460788,-0.2260272568680514,,,,,,1873,0,0,1021,144,3,252,453,0
"Kreidler, Ryan",668952,1.8670682688354834,1.8670682688354834,1.1645135028045086,0.3188226525025904,0.38373211352838466,,,,,,1859,0,0,164,135,1101,30,429,0
"Cruz, Oneil",665833,1.865014300763317,1.865014300763317,-0.9708472693000549,2.83586157006337,,,,,,,2185,0,0,0,0,0,0,2185,0
"Nootbaar, Lars",663457,1.8496937230255117,1.8496937230255117,1.2396280791858552,0.6100656438396568,,,,,,,1523,0,0,0,0,0,1246,81,196
"DeLauter, Chase",800050,1.7597559058084402,1.7597559058084402,1.3326595113785118,0.42709639442992886,,,,,,,1601,0,0,0,0,0,0,0,1601
"Lopez, Nicky",670032,1.712973631305245,1.712973631305245,2.00059203472562,-0.01685479993690945,-0.2707636034834674,,,,,,1836,0,0,1314,12,489,15,0,3
"Mangum, Jake",663968,1.708608632731951,1.708608632731951,1.219987228685751,0.4886214040461996,,,,,,,2837,0,0,0,0,0,944,1438,455
"Meckler, Wade",685133,1.6944880999136196,1.6944880999136196,2.205896371418867,-0.5114082715052496,,,,,,,1896,0,0,0,0,0,1602,0,294
"Rojas, Miguel",500743,1.6324096139915336,1.6324096139915336,2.2247134252832343,-0.016477828034885365,-0.5879796847808756,0.012153701524059923,,,,,1540,0,45,907,90,486,0,0,0
"Arenado, Nolan",571448,1.6218016948322362,1.6218016948322362,1.088802919966295,,0.53299877486594,,,,,,3527,0,0,0,3527,0,0,0,0
"Freeland, Alex",690976,1.5163176528077975,1.5163176528077975,1.8044748349610717,-0.013676286983762732,-0.27448089516951035,,,,,,1812,0,0,1737,36,39,0,0,0
"Díaz, Elias",553869,1.3940105385187274,,,,,,1.3940105385187274,0.4625644707603423,0.6087022252984287,0.32274384245995547,1524,1524,0,0,0,0,0,0,0
"Siri, Jose",642350,1.368478818973784,1.368478818973784,-1.0840955745480774,2.452574393521858,,,,,,,1621,0,0,0,0,0,765,736,120
"Church, Nathan",701675,1.3450678457034404,1.3450678457034404,2.0127511927978623,-0.6676833470944211,,,,,,,3126,0,0,0,0,0,759,2298,69
"Pratt, Cooper",806198,1.3337722025318062,1.3337722025318062,0.292372523167467,-0.0019280449772459453,1.043327724341585,,,,,,1711,0,0,0,0,1711,0,0,0
"Muncy, Max",571970,1.3265796870350073,1.3265796870350073,0.3496541630721975,,0.9769255239628097,,,,,,3342,0,0,0,3342,0,0,0,0
"Buxton, Byron",621439,1.3002932283348942,1.3002932283348942,2.668319362049553,-1.3680261337146595,,,,,,,1793,0,0,0,0,0,0,1793,0
"Koss, Christian",683766,1.2325657899330145,1.2325657899330145,1.2372440864540357,,-0.004678296521021065,,,,,,1443,0,0,90,472,875,0,0,0
"Henderson, Gunnar",683002,1.1041326487433274,1.1041326487433274,1.4943453914794604,0.3123752279468864,-0.7025879706830205,,,,,,3826,0,0,0,0,3826,0,0,0
"Baty, Brett",683146,1.0649418986154013,1.0649418986154013,1.0319007022250022,-0.18691267070877743,0.2521657160294508,-0.032211848930274734,,,,,2933,0,401,552,1371,12,123,0,474
"Contreras, Willson",575929,1.007081287836028,1.007081287836028,0.5789806769366632,,0.4246512464848868,0.003449364414477435,,,,,3196,0,3196,0,0,0,0,0,0
"Tovar, Ezequiel",678662,0.9834041309095396,0.9834041309095396,0.06824483621522648,0.259760203737966,0.6553990909563481,,,,,,3347,0,0,0,0,3347,0,0,0
"Martínez, Angel",682657,0.9731419161292635,0.9731419161292635,-0.7734213194769347,1.7465632356061986,,,,,,,2461,0,0,0,0,0,1458,84,919
"Alvarez, Francisco",682626,0.9538046358506809,,,,,,0.9538046358506809,2.3381295333668466,0.9217446659064858,-2.306069563422654,2082,2082,0,0,0,0,0,0,0
"Robert Jr., Luis",673357,0.9366467504535558,0.9366467504535558,-0.018099737006756662,0.9547464874603124,,,,,,,1419,0,0,0,0,0,221,1198,0
"Kurtz, Nick",701762,0.8844312433045988,0.8844312433045988,-2.127398599277027,,0.23058357312635394,2.781246269455269,,,,,2466,0,2466,0,0,0,0,0,0
"Ruiz, Keibert",660688,0.7967213652560419,,,,,,0.7967213652560419,2.899381231788864,-2.0757821765631186,-0.026877689969705465,2341,2341,0,0,0,0,0,0,0
"Vierling, Matt",663837,0.7581349463132465,0.7581349463132465,1.7746595647050312,-1.0165246183917849,,,,,,,1835,0,0,0,3,0,174,1366,292
"Young, Jared",676724,0.7551976098540014,0.7551976098540014,-1.0896635493439621,0.7687162320969428,-0.017722508086040287,1.0938674351870599,,,,,2000,0,1925,0,0,0,72,0,3
"Tawa, Tim",694374,0.7207895751962334,0.7207895751962334,2.0715906434670717,-0.7269164524697426,0.14086022624029995,-0.7647448420413953,,,,,2128,0,1170,11,99,0,436,349,63
"McMahon, Ryan",641857,0.7113611478495361,0.7113611478495361,1.645034006922088,,-0.9336728590725522,,,,,,2575,0,0,0,2545,30,0,0,0
"Collins, Isaac",686555,0.6938669709535198,0.6938669709535198,-0.604055884069435,1.0559577030350673,0.24196515198788837,,,,,,3263,0,0,55,0,0,3208,0,0
"Schmitt, Casey",669477,0.5716033700884677,0.5716033700884677,1.375586264948765,-0.2096199735287538,0.528739841744392,-1.1231027630759367,,,,,1900,0,347,153,600,105,695,0,0
"Karros, Kyle",691720,0.46853180578356834,0.46853180578356834,0.2416595081027402,,0.22687229768082767,,,,,,2930,0,0,0,2930,0,0,0,0
"Kelly, Carson",608348,0.45524900918177635,0.027898074137069795,,,,0.027898074137069795,0.42735093504470656,1.2425531847130127,-2.41894861995303,1.6037463702847246,2497,2458,30,0,0,0,0,0,0
"Carrigg, Cole",694249,0.38566281829137933,0.38566281829137933,-0.8579048064605919,1.258818306667928,-0.015250681915956538,,,,,,2087,0,0,0,0,282,0,1790,15
"Caratini, Victor",605170,0.3695959509429664,0.6825153448680648,0.3908261377522914,,0.17325747546479264,0.11843173165098114,-0.31291939392509793,2.607871814194462,-3.97078185860812,1.049990650488558,2333,1777,556,0,0,0,0,0,0
"Pasquantino, Vinnie",686469,0.35396942666165615,0.35396942666165615,-0.24863364273731484,,-0.24028121209020148,0.8428842814891736,,,,,2667,0,2667,0,0,0,0,0,0
"Peraza, Oswald",672724,0.3305082592116436,0.3305082592116436,-1.2376959633133626,0.11838749622605446,1.435779419935489,0.01403730636346423,,,,,2310,0,24,1539,537,210,0,0,0
"Romo, Drew",691011,0.25942314787361026,,,,,,0.25942314787361026,0.435378101053313,0.7994132260942253,-0.9753681792739283,1488,1485,3,0,0,0,0,0,0
"Caballero, José",676609,0.16671777874977683,0.16671777874977683,1.5328621811391068,-1.7673703176173339,0.40122591522800266,,,,,,3107,0,0,347,625,1737,159,58,181
"Triolo, Jared",669707,0.1460048737668245,0.1460048737668245,-0.7975657296649173,-0.11647383714966597,0.9958155924458479,0.06422884813556012,,,,,2473,0,78,0,737,1583,0,3,72
"Lindor, Francisco",596019,0.13761479384788156,0.13761479384788156,-0.6696606845977289,0.9552223671967193,-0.14794688875110779,,,,,,2557,0,0,0,0,2557,0,0,0
"Moniak, Mickey",666160,0.1346358594712502,0.1346358594712502,-0.043266833308629085,0.17790269277987694,,,,,,,1627,0,0,0,0,0,997,150,480
"Realmuto, J.T.",592663,0.08945425310060426,,,,,,0.08945425310060426,-0.5415723487233157,1.989160913549533,-1.3581343117256137,3023,3023,0,0,0,0,0,0,0
"Acuña, Luisangel",682668,0.0450765527311075,0.0450765527311075,-0.7706411196576946,0.5127255740274321,0.3029920983613696,,,,,,1665,0,0,3,0,1131,9,515,0
"Baldwin, Drake",686948,0.0416920163710848,,,,,,0.0416920163710848,2.8937925978754837,-3.1786273195069428,0.3265267380025411,2015,2015,0,0,0,0,0,0,0
"Gelof, Zack",680869,-0.056482361536184085,-0.056482361536184085,-0.2746100031526276,-0.0891838455277364,0.30731148714417994,,,,,,2506,0,0,314,1556,0,322,257,57
"Hernández, Heriberto",681715,-0.06969361043317926,-0.06969361043317926,1.6533808810457382,-1.7230744914789202,,,,,,,2709,0,0,0,0,0,2628,0,81
"Rodríguez, Julio",677594,-0.21839414147093106,-0.21839414147093106,-1.608592100303848,1.3901979588329179,,,,,,,3580,0,0,0,0,0,0,3580,0
"Guzman, Denzer",694203,-0.26054896075319767,-0.26054896075319767,0.4762472504440892,,-0.736796211197287,,,,,,1884,0,0,0,1848,36,0,0,0
"Gorman, Nolan",669357,-0.27904643657499895,-0.27904643657499895,0.12963531440257792,,-0.40868175097757686,,,,,,1446,0,9,0,1437,0,0,0,0
"Feduccia, Hunter",676439,-0.2866554486191279,0.0011551825301220897,,,,0.0011551825301220897,-0.28781063114925004,3.284108878241053,-2.3728172225247377,-1.1991022868655672,1819,1813,6,0,0,0,0,0,0
"Lee, Brooks",686797,-0.3608015464379173,-0.3608015464379173,-0.26581659740728014,0.12708950385499915,-0.22207445288563557,,,,,,3863,0,0,0,2663,1200,0,0,0
"Fortes, Nick",663743,-0.4608555775431642,,,,,,-0.4608555775431642,-1.1393735489508359,0.53647764471633,0.1420403266913435,2129,2129,0,0,0,0,0,0,0
"Riley, Austin",663586,-0.5339313041900262,-0.5339313041900262,0.19079009598808305,-0.04433169817768133,-0.6803897020004284,,,,,,4005,0,0,0,4005,0,0,0,0
"Story, Trevor",596115,-0.7010833224455724,-0.7010833224455724,-0.674321436225577,0.06404539676815844,-0.0908072829881546,,,,,,1524,0,0,0,0,1524,0,0,0
"Yastrzemski, Mike",573262,-0.7284793877352714,-0.7284793877352714,-2.210033047263052,1.4815536595277792,,,,,,,2567,0,0,0,0,0,1592,6,969
"Seager, Corey",608369,-0.7513885193787401,-0.7513885193787401,1.277346754897868,,-2.028735274276609,,,,,,2327,0,0,0,0,2327,0,0,0
"Myers, Dane",667472,-0.7901867599242286,-0.7901867599242286,0.5600054146224028,-1.350192174546632,,,,,,,1936,0,0,0,0,0,0,1936,0
"McCarthy, Jake",664983,-0.8020406827302767,-0.8020406827302767,1.829555646371952,-2.6315963291022264,,,,,,,3214,0,0,0,0,0,1600,1271,343
"Aranda, Jonathan",666018,-0.9828078875953622,-0.9828078875953622,-0.03965569554766324,0.9980719550227541,1.2308669505232706,-3.1720910975937224,,,,,3717,0,3717,0,0,0,0,0,0
"Judge, Aaron",592450,-1.0977502171572922,-1.0977502171572922,-1.7454621281959133,0.6477119110386212,,,,,,,1513,0,0,0,0,0,0,0,1513
"Smith, Will",669257,-1.229922721976529,,,,,,-1.229922721976529,-1.7287026965077086,-0.03130832243421011,0.5300882969653887,1485,1485,0,0,0,0,0,0,0
"Lewis, Royce",668904,-1.2603011249731932,-1.2603011249731932,-2.934959170140913,0.079399288929726,-0.23463694642427768,1.8298957026622729,,,,,3157,0,1947,295,915,0,0,0,0
"Doyle, Brenton",686668,-1.274937876962328,-1.274937876962328,-0.3517794709300763,-0.9231584060322521,,,,,,,1435,0,0,0,0,0,0,1435,0
"Gonzalez, Jacob",694378,-1.3210876807698388,-1.3210876807698388,-1.8948424877920933,,0.3217579808920079,0.2519968261302462,,,,,1492,0,667,0,162,663,0,0,0
"Ward, Taylor",621493,-1.3257234865154401,-1.3257234865154401,-1.5905824788650025,0.2648589923495625,,,,,,,2704,0,0,0,0,0,2379,0,325
"McGonigle, Kevin",805808,-1.3293627760512083,-1.3293627760512083,-2.616238114091189,-0.049159469648313164,1.3360348076882933,,,,,,3830,0,0,0,1803,2027,0,0,0
"Conine, Griffin",665052,-1.3490381285576207,-1.3490381285576207,-0.898446481712538,-0.713506365622808,-0.0144997739757761,0.27741449275350144,,,,,1423,0,387,0,0,0,250,0,786
"Mateo, Jorge",622761,-1.3725878974447592,-1.3725878974447592,-0.7370191294819295,-0.05467433089818618,-0.5808944370646438,,,,,,1453,0,0,177,9,1257,3,0,0
"Edwards, Xavier",669364,-1.3754303649911168,-1.3754303649911168,-1.7703337029212163,,0.3949033379300999,,,,,,3528,0,0,3528,0,0,0,0,0
"Amaya, Miguel",665804,-1.3922042761834799,-0.5673270356627353,,,,-0.5673270356627353,-0.8248772405207444,-0.11260476904368408,-0.05361509117547836,-0.6586573803015826,1601,1595,6,0,0,0,0,0,0
"Loftin, Nick",679845,-1.425460447093043,-1.425460447093043,-3.0134376481155676,-0.04326858846757053,1.631245789490092,,,,,,2613,0,18,660,1720,21,45,0,149
"Bichette, Bo",666182,-1.4385567616302255,-1.4385567616302255,-0.9087556160641741,0.07055979702478855,-0.6003609425908377,,,,,,3855,0,0,3,2678,1174,0,0,0
"Hedges, Austin",595978,-1.5120338543332612,,,,,,-1.5120338543332612,1.6433728584300014,-2.2821324809929826,-0.8732742317702793,1767,1754,0,0,0,0,0,0,0
"Torres, Gleyber",650402,-1.5458521969107601,-1.5458521969107601,-2.896037100364823,0.11037660235584756,1.2398083010982148,,,,,,1819,0,0,1819,0,0,0,0,0
"Trammell, Taylor",666211,-1.55438300989682,-1.55438300989682,-0.43502708852877103,-1.119355921368049,,,,,,,1835,0,0,0,0,0,967,646,222
"Alonso, Pete",624413,-1.5720870563087725,-1.5720870563087725,0.5638223803338092,,0.5202539744444884,-2.6561634110870727,,,,,3642,0,3642,0,0,0,0,0,0
"Steer, Spencer",668715,-1.6302940573712739,-1.6302940573712739,-1.6457210973325873,-0.9774850648133913,-0.0958366221126634,1.0887487268873672,,,,,2436,0,796,345,12,0,603,45,635
"Mayo, Coby",691723,-1.6804266260742104,-1.6804266260742104,-1.3925809432305372,,-0.03370568622735304,-0.25413999661632125,,,,,1988,0,333,0,1655,0,0,0,0
"Jackson, Jeremiah",669236,-1.6846359054539397,-1.6846359054539397,-1.869891349969171,0.48396333095594046,-0.29870788644070984,,,,,,1755,0,0,1635,3,0,96,0,21
"Rengifo, Luis",650859,-1.7066456825943779,-1.7066456825943779,-1.5252376111765413,-0.5599552643901606,0.3707128234885581,0.007834369483767478,,,,,1915,0,46,93,1290,0,486,0,0
"Frelick, Sal",686217,-1.7763483800352966,-1.7763483800352966,1.0026143476388936,-2.7789627276741915,,,,,,,2381,0,0,0,0,0,27,6,2348
"Murakami, Munetaka",808959,-1.8264566324145313,-1.8264566324145313,-0.25307190466822616,0.2133365150621812,0.6951311760056571,-2.481852418814143,,,,,2930,0,2930,0,0,0,0,0,0
"Taveras, Leody",665750,-1.8546352497548373,-1.8546352497548373,-1.4748688169465685,-0.3797664328082696,,,,,,,3149,0,0,0,15,0,51,1798,1285
"Neto, Zach",687263,-1.882019237854668,-1.882019237854668,-3.99395348919848,0.9349880793320982,1.1769461720117136,,,,,,3895,0,0,0,0,3895,0,0,0
"Cronenworth, Jake",630105,-1.947868081214184,-1.947868081214184,-2.7110818436419644,0.06216872120553356,0.29798718297352905,0.4030578582487182,,,,,2572,0,168,2239,99,66,0,0,0
"Crawford, Justin",702222,-1.9957752253483076,-1.9957752253483076,-2.370954507145122,0.3751792817968147,,,,,,,3196,0,0,0,0,0,0,3196,0
"Norby, Connor",681393,-2.0378463576281,-2.0378463576281,-1.3585211224927058,-0.04714331774452443,-0.33505564895342527,-0.2971262684374457,,,,,2018,0,1082,576,360,0,0,0,0
"Mayer, Marcelo",691785,-2.045118677483701,-2.045118677483701,-0.37157581681526897,,-1.6735428606684317,,,,,,1564,0,0,1027,0,537,0,0,0
"Manzardo, Kyle",700932,-2.056808433471971,-2.056808433471971,-3.7352626346860944,,-0.5153520437778716,2.193806244991995,,,,,1837,0,1837,0,0,0,0,0,0
"Larnach, Trevor",663616,-2.20865793101674,-2.20865793101674,-4.156552569594568,1.9478946385778293,,,,,,,2428,0,0,0,0,0,2428,0,0
"Bleday, JJ",668709,-2.2384437356130067,-2.2384437356130067,-2.014338136971477,-0.22410559864153004,,,,,,,3021,0,0,0,0,0,2826,0,195
"House, Brady",691781,-2.252252176605605,-2.252252176605605,-1.777265561161651,,-0.4034036166562232,-0.07158299878773094,,,,,1813,0,12,0,1801,0,0,0,0
"Bazzana, Travis",683953,-2.308794259945064,-2.308794259945064,-2.1731184072813856,0.4354526535499915,-0.5711285062136704,,,,,,2815,0,0,2815,0,0,0,0,0
"Keith, Colt",690993,-2.3561350327533592,-2.3561350327533592,-1.6686049895883392,,0.6439555467612528,-1.331485589926274,,,,,1612,0,351,0,1261,0,0,0,0
"Goodman, Hunter",696100,-2.400053224155845,,,,,,-2.400053224155845,-0.12221255677472961,-1.5503876840489037,-0.7274529833322133,2350,2350,0,0,0,0,0,0,0
"Holliday, Jackson",702616,-2.4192070159971544,-2.4192070159971544,-1.2230774750415034,0.2714108416022385,-1.467540382557888,,,,,,2261,0,0,2120,33,108,0,0,0
"McNeil, Jeff",643446,-2.427428223825137,-2.427428223825137,-2.634344637476368,0.215099671557596,-0.9217737151648848,0.9135904572585194,,,,,3058,0,815,2218,3,0,3,0,19
"Smith, Josh",669701,-2.431613188433027,-2.431613188433027,-1.6159173503418036,0.37886604718715367,-1.1930633671922375,-0.0014985180861387982,,,,,1488,0,27,992,305,0,164,0,0
"Walls, Taylor",670764,-2.530592881627267,-2.530592881627267,-2.392167137331095,0.36742695201635356,-0.505852696312525,,,,,,3032,0,0,0,0,3032,0,0,0
"Albies, Ozzie",645277,-2.5558483280791635,-2.5558483280791635,-0.1790859179314141,0.15421278633587587,-2.5309751964836273,,,,,,4035,0,0,4035,0,0,0,0,0
"Valdez, Esmerlyn",699013,-2.5982863879531517,-2.5982863879531517,1.724455487364553,-4.327431469010212,,0.004689593692508265,,,,,1660,0,3,0,0,0,147,0,1510
"O'Hearn, Ryan",656811,-2.612420015598553,-2.612420015598553,-2.9821133441355525,-1.1814560698201975,0.7531048295684218,0.7980445687887738,,,,,1985,0,979,0,0,0,0,0,1006
"Emerson, Colt",806068,-2.8946019365682103,-2.8946019365682103,-3.2673858461517247,0.011198889072051724,0.3615850205114645,,,,,,1764,0,0,0,387,1377,0,0,0
"Vilade, Ryan",668723,-2.92291840727922,-2.92291840727922,-3.3317865129337214,0.151970728241417,-0.31569694885895594,0.5725943262720363,,,,,1521,0,384,120,9,0,261,0,747
"Fermín, José",665877,-3.0049650590140566,-3.0049650590140566,-1.0482824054532598,-2.606405024089201,0.6393119478362489,0.010410422692157861,,,,,2124,0,21,401,699,78,616,276,33
"Clemens, Kody",665019,-3.018840847436914,-3.018840847436914,0.7468740981363474,-1.6508723549017845,-0.9115965369075831,-1.2032460537638925,,,,,3496,0,1090,1597,0,0,264,148,397
"Johnston, Troy",687859,-3.0281735717153273,-3.0281735717153273,-2.3063739689188836,0.05762676070488956,-0.031444175638482286,-0.74798218786285,,,,,2051,0,402,0,0,0,518,0,1125
"Julien, Edouard",666397,-3.0849247209621153,-3.0849247209621153,-3.3660997781559305,-0.035479950883971746,0.23545789203865225,0.08119711603913346,,,,,1528,0,126,1402,0,0,0,0,0
"Jones, Spencer",682987,-3.0897610997605858,-3.0897610997605858,-2.2051750624384354,-0.8845860373221514,,,,,,,1770,0,0,0,0,0,198,811,761
"Peña, Jeremy",665161,-3.1930288561942892,-3.1930288561942892,-2.632845649982906,0.13317466419470314,-0.6933578704060857,,,,,,2587,0,0,0,0,2587,0,0,0
"Williamson, Ben",810938,-3.3158739703826137,-3.3158739703826137,-2.7684428859597285,0.19359113882645265,-0.7410222232493393,,,,,,1814,0,0,1261,28,510,0,0,0
"Contreras, William",661388,-3.3585409167877907,,,,,,-3.3585409167877907,-5.109859281770769,3.2922970090061376,-1.5409786440231608,3152,3152,0,0,0,0,0,0,0
"Stowers, Kyle",669065,-3.3794902826850195,-3.3794902826850195,-3.1669919872907606,-0.11449560330785624,-0.9354991338442019,0.8374964417577994,,,,,2441,0,1427,0,0,0,708,0,306
"Thomas, Lane",657041,-3.48753954629771,-3.48753954629771,-6.244194954830385,2.756655408532672,,,,,,,2199,0,0,0,0,0,459,1376,364
"Griffin, Konnor",804606,-3.624023098237808,-3.624023098237808,-4.0345785362307485,-0.21927391068337707,0.6298293486763211,,,,,,1835,0,0,0,0,1835,0,0,0
"Langeliers, Shea",669127,-3.648528463955014,,,,,,-3.648528463955014,-4.865002679870971,1.8687073892305954,-0.652233173314638,1902,1902,0,0,0,0,0,0,0
"Palacios, Richie",680700,-3.7670738053004102,-3.7670738053004102,-4.595692613355576,0.23746394054580447,0.5911548675093617,,,,,,2540,0,0,2480,30,0,24,0,6
"Okamoto, Kazuma",672960,-3.772785443065394,-3.772785443065394,-2.4544339485458346,,-0.7817956373878976,-0.5365558571316625,,,,,3853,0,287,0,3566,0,0,0,0
"Ruiz, Esteury",665923,-3.7864257804570114,-3.7864257804570114,-1.5978857850496822,-2.1885399954073295,,,,,,,1622,0,0,0,0,0,378,468,776
"Horwitz, Spencer",687462,-3.8228012152266295,-3.8228012152266295,-3.6745087678152344,,1.2702582076897357,-1.4185506551011309,,,,,2487,0,2487,0,0,0,0,0,0
"Rushing, Dalton",687221,-3.853289692688434,-0.2589458665303045,-0.5743049731637652,,,0.3153591066334608,-3.5943438261581298,-2.714093094513977,-0.10738696639361295,-0.7728637652505389,1513,1417,96,0,0,0,0,0,0
"Sheets, Gavin",657757,-3.858481337417576,-3.858481337417576,-3.5356176393640393,-0.841008746405091,0.5207240052424102,-0.0025789568908562988,,,,,1881,0,996,0,0,0,819,0,66
"Trout, Mike",545361,-3.8774936358620002,-3.8774936358620002,-4.670365520904706,0.7928718850427057,,,,,,,2837,0,0,0,0,0,0,2837,0
"Vargas, Miguel",678246,-3.879797182202344,-3.879797182202344,-5.041003163408659,0.08355380727871548,1.2817572729279836,-0.20410509900038465,,,,,3863,0,563,0,3300,0,0,0,0
"Clement, Ernie",676391,-3.9590343613587393,-3.9590343613587393,-4.195698812409977,0.1644951881282682,0.07216926292297171,,,,,,3837,0,0,2837,266,726,8,0,0
"Basallo, Samuel",694212,-4.03325978361427,-0.5596842272774681,0.15048685765053127,,-0.13867206312582983,-0.5714990218021696,-3.4735755563368005,-5.777723661326929,1.392971963919392,0.9111761410707366,1684,1533,151,0,0,0,0,0,0
"Stewart, Sal",701398,-4.07858545495967,-4.07858545495967,-1.328187915020005,,-0.5286635277623785,-2.2217340121772895,,,,,3778,0,2687,171,920,0,0,0,0
"Jung, Josh",673962,-4.380335962449921,-4.380335962449921,-2.3993776921303267,,-1.9809582703195956,,,,,,2490,0,0,0,2490,0,0,0,0
"Reynolds, Bryan",668804,-4.380801392625007,-4.380801392625007,-3.3913649628663434,-0.9894364297586653,,,,,,,3160,0,0,0,0,0,2704,0,456
"Alexander, Blaze",677942,-4.5981002832445865,-4.5981002832445865,-3.8424702256906067,-0.8331218325340382,0.07749177498005694,,,,,,2026,0,0,419,1001,243,126,126,111
"Castro, Willi",650489,-4.685838403632114,-4.685838403632114,-4.973289815516977,0.12518393155959717,-0.1279541340570191,0.2902216143822837,,,,,2882,0,154,1318,915,414,75,6,0
"Grisham, Trent",663757,-4.867298782873956,-4.867298782873956,-5.326885975039548,0.4595871921655917,,,,,,,2884,0,0,0,0,0,0,2884,0
"Acuña Jr., Ronald",660670,-4.888205692692981,-4.888205692692981,-6.835246394148289,1.9470407014553017,,,,,,,2296,0,0,0,0,0,0,0,2296
"Devers, Rafael",646240,-4.897937079151993,-4.897937079151993,-1.6149679652146187,0.04583942897407007,0.2048718993883013,-3.533680442299747,,,,,2624,0,2624,0,0,0,0,0,0
"Diaz, Yainer",673237,-4.941428613195507,,,,,,-4.941428613195507,-4.052067188341536,-0.2547793681310563,-0.6345820567229139,1952,1949,3,0,0,0,0,0,0
"Soto, Juan",665742,-4.9469688466371515,-4.9469688466371515,-2.89676365822691,-2.0502051884102404,,,,,,,1617,0,0,0,0,0,1617,0,0
"Freeman, Tyler",671289,-4.956171364805066,-4.956171364805066,-6.6311433148645955,1.9786512333178663,-0.303679283258335,,,,,,1493,0,0,198,0,0,0,6,1289
"Young, Cole",702284,-5.050815027530272,-5.050815027530272,-4.834246676132667,0.49094141169283373,-0.707509763090441,,,,,,4006,0,0,3913,0,93,0,0,0
"Jeffers, Ryan",680777,-5.10974168894812,,,,,,-5.10974168894812,-1.197428930184609,-3.8058636684990805,-0.10644909026443061,1918,1918,0,0,0,0,0,0,0
"Marsh, Brandon",669016,-5.468302524591799,-5.468302524591799,-1.1644153876185572,-4.303887136973243,,,,,,,3517,0,0,0,0,0,2977,240,300
"Raleigh, Cal",663728,-5.4705145850369465,,,,,,-5.4705145850369465,-4.197777200916859,-3.972861753354636,2.700124369234548,2571,2571,0,0,0,0,0,0,0
"Nimmo, Brandon",607043,-5.472857689141897,-5.472857689141897,-2.493996605071886,-2.978861084070012,,,,,,,3541,0,0,0,0,0,0,3,3538
"Sullivan, Brett",664954,-5.53011568016589,0.008677014096653501,,,,0.008677014096653501,-5.538792694262545,-4.499458297202208,-0.9719477274120594,-0.06738666964827938,1510,1472,15,0,0,0,0,0,0
"Grissom, Vaughn",687093,-5.704519761036228,-5.704519761036228,-7.328420215594781,,0.045907740726598284,1.577992713831951,,,,,2631,0,1158,864,609,0,0,0,0
"Torkelson, Spencer",679529,-5.835498444899336,-5.835498444899336,-8.638417989711877,,0.6647895274873492,2.138130017325195,,,,,3786,0,3786,0,0,0,0,0,0
"Greene, Riley",682985,-6.045459583999984,-6.045459583999984,-3.469679483395816,-2.5757801006041676,,,,,,,3047,0,0,0,0,0,3047,0,0
"Hernández, Teoscar",606192,-6.078743665214385,-6.078743665214385,-4.693635158506964,-1.3851085067074234,,,,,,,2863,0,0,0,0,0,2764,0,99
"Vaughn, Andrew",683734,-6.08112263268545,-6.08112263268545,-2.8118356737946186,,-0.2039448154937139,-3.0653421433971175,,,,,1824,0,1641,0,174,0,0,0,0
"Heim, Jonah",641680,-6.1820349305821924,-1.0779945875317902,-0.6355967373426363,,-0.00004482037398347051,-0.44235302981517033,-5.104040343050403,-1.2334804305560962,-1.6708438578435987,-2.1997160546507133,1864,1723,139,0,2,0,0,0,0
"Bohm, Alec",664761,-6.263889065706149,-6.263889065706149,-5.864399344362254,,0.10255155669878614,-0.5020412780426808,,,,,3835,0,1139,0,2696,0,0,0,0
"Soderstrom, Tyler",691016,-6.333046670477148,-6.333046670477148,-7.001748315342984,0.6687016448658333,,,,,,,2581,0,0,0,0,0,2581,0,0
"Vientos, Mark",668901,-6.923022805393083,-6.923022805393083,-6.851771654627528,,-1.0108704791248293,0.9396193283592722,,,,,1525,0,1492,0,33,0,0,0,0
"Walton, Donovan",622268,-6.9668872904429096,-6.9668872904429096,-6.446862956906616,0.08032695947854869,-0.6003512930148388,,,,,,1500,0,0,945,303,252,0,0,0
"Tucker, Kyle",663656,-6.969079590913499,-6.969079590913499,-7.226349074571318,0.257269483657819,,,,,,,3722,0,0,0,0,0,0,0,3722
"Raley, Luke",670042,-7.078925255953762,-7.078925255953762,-5.506530789628337,-1.5723944663254272,,,,,,,1813,0,0,0,0,0,66,159,1588
"Mead, Curtis",678554,-7.120035895017676,-7.120035895017676,-6.774121152431202,0.005034387001601924,-0.3126905472732968,-0.038258582314777384,,,,,1823,0,603,78,1142,0,0,0,0
"Arozarena, Randy",668227,-7.1564454387336,-7.1564454387336,-4.368727474722276,-2.7877179640113217,,,,,,,3766,0,0,0,0,0,3766,0,0
"Lee, Jung Hoo",808982,-7.432028563277476,-7.432028563277476,-5.473313528286424,-1.9587150349910498,,,,,,,3430,0,0,0,0,0,0,297,3133
"Cortes, Carlos",666126,-7.526688898486759,-7.526688898486759,-7.88777529139591,0.3610863929091515,,,,,,,1670,0,0,0,0,0,765,0,877
"Ramos, Heliot",671218,-7.572228324368746,-7.572228324368746,-6.999033485843634,-0.5731948385251109,,,,,,,2583,0,0,0,0,0,2110,0,473
"Wood, James",695578,-7.643492427344703,-7.643492427344703,-6.6610382605594145,-0.9824541667852882,,,,,,,2595,0,0,0,0,0,423,0,2172
"Caminero, Junior",691406,-7.870447980363527,-7.870447980363527,-9.287154036139585,0.19359113882645265,1.2212103233049165,0.0019045936446909217,,,,,4058,0,3,0,4055,0,0,0,0
"Stephenson, Tyler",663886,-7.99836722734608,,,,,,-7.99836722734608,-9.196298635938774,-1.9343811060113822,3.1323125146040813,2685,2682,3,0,0,0,0,0,0
"Caglianone, Jac",695506,-8.051151082803973,-8.051151082803973,-8.04831615751889,1.1168793555838574,-0.26653513008098306,-0.8531791507879531,,,,,2986,0,823,0,0,0,0,0,2163
"Beavers, Dylan",687637,-8.081687272220053,-8.081687272220053,-7.908334635831627,-0.17335263638843043,,,,,,,1872,0,0,0,0,0,1089,108,675
"Walker, Jordan",691023,-8.304303342031561,-8.304303342031561,-6.842476331737859,-1.461827010293697,,,,,,,3772,0,0,0,0,0,0,0,3772
"Osuna, Alejandro",696030,-8.335625238342672,-8.335625238342672,-6.095406939427983,-2.2402182989146935,,,,,,,1481,0,0,0,0,0,1128,185,168
"Hamilton, David",666152,-8.346564900751092,-8.346564900751092,-8.623958353342486,,0.2773934525913956,,,,,,2596,0,0,255,1622,719,0,0,0
"Semien, Marcus",543760,-8.463876632926642,-8.463876632926642,-7.190149070777857,-0.22042975694921793,-1.0532978051995656,,,,,,3485,0,0,3485,0,0,0,0,0
"Lee, Hao-Yu",701678,-8.491542332752344,-8.491542332752344,-8.903494115786904,,0.4119517830345579,,,,,,2159,0,0,1370,783,6,0,0,0
"Bauers, Jake",641343,-8.652688004593575,-8.652688004593575,-7.3808697464057005,-0.8737368116755461,-0.18413852737176767,-0.21394291914055985,,,,,3208,0,2350,0,0,0,261,0,597
"Caissie, Owen",683357,-8.77868734684273,-8.77868734684273,-6.351185056972258,-2.427502289870474,,,,,,,1858,0,0,0,0,0,0,0,1858
"Sánchez, Jesús",660821,-8.919685992726501,-8.919685992726501,-7.552101747296556,-1.3675842454299496,,,,,,,1677,0,0,0,0,0,853,0,824
"Crawford, J.P.",641487,-9.270916407111946,-9.270916407111946,-9.579350471298788,0.44147897084675225,-0.1330449066599142,,,,,,2797,0,0,0,739,2058,0,0,0
"Adell, Jo",666176,-9.303172890503557,-9.303172890503557,-5.899733951002083,-3.4034389395014744,,,,,,,3529,0,0,0,0,0,288,30,3211
"Wong, Connor",657136,-9.350459173130872,,,,,,-9.350459173130872,-7.662668171530059,-1.6724143837118233,-0.015376617888995029,1662,1662,0,0,0,0,0,0,0
"Turner, Trea",607208,-9.395540880429776,-9.395540880429776,-6.985755358606726,0.23648569667193065,-2.6462712184949773,,,,,,3868,0,0,0,0,3868,0,0,0
"Monasterio, Andruw",655316,-9.487578853878665,-9.487578853878665,-10.539541539571399,0.3559370409463752,0.6448307608068203,0.05119488393952881,,,,,1860,0,153,277,51,1377,0,0,0
"Antonacci, Sam",803011,-9.639550823636194,-9.639550823636194,-7.053064933221385,-2.4986713167395864,-0.0878145736752213,,,,,,3086,0,0,366,3,0,2717,0,0
"Perez, Salvador",521692,-9.724219927313818,-3.099545081642328,-2.594895189582961,,-0.11294554849410961,-0.391704343565257,-6.624674845671495,-6.451836089879012,0.9513431743444657,-1.1241819301369553,1735,1132,603,0,0,0,0,0,0
"Gonzales, Nick",693304,-9.978516275946154,-9.978516275946154,-8.277120669361892,0.06091699519212244,-1.7623126017763857,,,,,,3382,0,0,681,2605,96,0,0,0
"Altuve, Jose",514888,-10.059243711365122,-10.059243711365122,-8.426537572855127,,-1.6327061385099966,,,,,,3031,0,0,3031,0,0,0,0,0
"Butler, Lawrence",671732,-10.681212760027318,-10.681212760027318,-8.643793702116032,-2.0374190579112956,,,,,,,3181,0,0,0,0,0,0,612,2569
"Keaschall, Luke",807712,-11.032360803837724,-11.032360803837724,-9.651170792382095,-1.9190117401479763,0.5378217286923384,,,,,,3746,0,0,1909,0,0,0,632,1205
"Harper, Bryce",547180,-12.109143924071425,-12.109143924071425,-6.566536201582329,0.4838023725740925,-0.08694346935684669,-5.939466625706346,,,,,3703,0,2744,0,0,0,0,0,959
"Abrams, CJ",682928,-12.390515295843226,-12.390515295843226,-13.522457268520421,,1.1319419726771924,,,,,,3507,0,0,201,0,3306,0,0,0
"Adames, Willy",642715,-13.827856319425155,-13.827856319425155,-12.752715274762883,0.19368012185604477,-1.268821166518324,,,,,,3139,0,0,0,0,3139,0,0,0
"O'Hoppe, Logan",681351,-14.171269998931301,,,,,,-14.171269998931301,-10.714106180366565,-0.9906985254152599,-2.4664652931494895,1785,1785,0,0,0,0,0,0,0