"id","name","pitches","rv_tot","pct_tot","rv_11","pct_11","rv_12","pct_12","rv_13","pct_13","rv_14","pct_14","rv_16","pct_16","rv_17","pct_17","rv_18","pct_18","rv_19","pct_19"
543877,"Vázquez, Christian",4701,3.522806649184298,0.4718640093786635,1,0.25157232704402516,2,0.6033755274261603,1,0.2911392405063291,2,0.5211267605633803,2,0.6326530612244898,-1,0.1919191919191919,-2,0.5251572327044025,0,0.2545454545454545
666023,"Fermin, Freddy",4288,1.7976555854774798,0.4696873005743459,0,0.1953125,-1,0.5078534031413613,0,0.25301204819277107,1,0.5517241379310345,1,0.65625,1,0.32222222222222224,0,0.5209580838323353,1,0.25153374233128833
691788,"Mack, Joe",4656,4.258137124755654,0.5,1,0.27218934911242604,2,0.7142857142857143,0,0.30434782608695654,0,0.5631868131868132,0,0.5660377358490566,0,0.2692307692307692,0,0.5498652291105122,1,0.26582278481012656
660688,"Ruiz, Keibert",5389,1.278711563839083,0.49019607843137253,-1,0.14666666666666667,-1,0.6270491803278688,0,0.26,-1,0.5172413793103449,3,0.6658227848101266,0,0.29927007299270075,1,0.5746268656716418,1,0.27699530516431925
678218,"Valenzuela, Brandon",4316,7.909549746782282,0.496684350132626,0,0.2903225806451613,-1,0.5863874345549738,1,0.3291139240506329,1,0.4793650793650794,1,0.6401515151515151,1,0.3161764705882353,3,0.6212624584717608,1,0.26356589147286824
592663,"Realmuto, J.T.",6461,0.5397490415738553,0.47068891741548996,0,0.2550335570469799,0,0.6183206106870229,-1,0.125,4,0.5867237687366167,-3,0.5306666666666666,2,0.35833333333333334,-2,0.5504950495049505,-1,0.22660098522167488
686452,"Millas, Drew",3352,4.063224179695108,0.4970954356846473,0,0.21348314606741572,0,0.5705521472392638,0,0.2857142857142857,0,0.525,1,0.6467889908256881,1,0.313953488372093,1,0.5851851851851851,1,0.3252032520325203
657136,"Wong, Connor",3249,-5.621856995116811,0.4339622641509434,0,0.2236842105263158,-2,0.5159235668789809,-1,0.12359550561797752,-2,0.4956140350877193,0,0.5758928571428571,0,0.30434782608695654,0,0.5367647058823529,0,0.20149253731343283
689414,"Hicks, Liam",2762,-0.2774811633792995,0.48272357723577236,0,0.2191780821917808,1,0.6271186440677966,1,0.2857142857142857,-1,0.5307262569832403,0,0.631578947368421,0,0.25,0,0.5572139303482587,0,0.25252525252525254
676439,"Feduccia, Hunter",3643,3.744286371751238,0.4715447154471545,1,0.1941747572815534,1,0.6336633663366337,0,0.2087912087912088,1,0.5869565217391305,-1,0.5639097744360902,1,0.35051546391752575,1,0.5140562248995983,0,0.20869565217391303
620443,"Torrens, Luis",4332,5.1715728464319755,0.4836683417085427,1,0.21875,0,0.6261261261261262,0,0.20588235294117646,3,0.5705882352941176,-1,0.5793103448275863,1,0.3305785123966942,1,0.5783582089552238,-1,0.2066115702479339
686780,"Pagés, Pedro",3966,2.9427554305058,0.48091603053435117,0,0.16981132075471697,-1,0.5525114155251142,0,0.1794871794871795,-1,0.49557522123893805,2,0.6644067796610169,1,0.35353535353535354,2,0.5925925925925926,0,0.25
672515,"Moreno, Gabriel",5006,3.017347699173164,0.48006644518272423,1,0.20689655172413793,0,0.6244343891402715,0,0.2222222222222222,0,0.5301587301587302,0,0.622356495468278,1,0.2898550724637681,2,0.5699745547073791,0,0.24175824175824176
694212,"Basallo, Samuel",3216,-4.2391956203108245,0.4429184549356223,0,0.18181818181818182,0,0.6065573770491803,0,0.2236842105263158,-2,0.4732142857142857,1,0.6666666666666666,0,0.2638888888888889,-2,0.42592592592592593,0,0.21296296296296297
671056,"Herrera, Iván",3506,-1.184051986819707,0.47268408551068886,0,0.19148936170212766,-2,0.5401785714285714,-1,0.23255813953488372,-1,0.5384615384615384,0,0.611353711790393,0,0.2716049382716049,2,0.6070038910505836,0,0.2
681351,"O'Hoppe, Logan",5465,-10.671647239334707,0.44537815126050423,-2,0.1513157894736842,-3,0.5829596412556054,0,0.3218390804597701,-2,0.47607655502392343,-3,0.5625,0,0.26380368098159507,-1,0.5563218390804597,-1,0.24888888888888888
682626,"Alvarez, Francisco",4617,-0.28984587002255624,0.4674185463659148,0,0.16666666666666666,0,0.5502392344497608,0,0.22549019607843138,0,0.5177304964539007,0,0.6190476190476191,0,0.25961538461538464,1,0.5789473684210527,0,0.2986111111111111
663728,"Raleigh, Cal",4590,-1.0066743084774423,0.4632009345794392,1,0.2302158273381295,0,0.5990783410138248,0,0.2857142857142857,1,0.5573770491803278,-2,0.5232198142414861,0,0.28846153846153844,0,0.5614617940199336,-1,0.19298245614035087
699625,"Crooks, Jimmy",2057,3.327179759915477,0.5074024226110363,0,0.20588235294117646,0,0.6666666666666666,1,0.42,0,0.49166666666666664,0,0.6282051282051282,0,0.20408163265306123,1,0.631578947368421,1,0.3484848484848485
660710,"Durán, Rodolfo",2041,-1.1324349820285113,0.4489003880983182,0,0.15517241379310345,-1,0.5148514851485149,0,0.25,-1,0.5179856115107914,0,0.5555555555555556,1,0.35714285714285715,1,0.5637583892617449,-1,0.1527777777777778
693307,"Dingler, Dillon",6114,6.440402774262294,0.49336188436830836,0,0.26436781609195403,2,0.6131147540983607,0,0.2808219178082192,2,0.5548523206751055,0,0.5945945945945946,1,0.3054187192118227,1,0.6018306636155606,0,0.25396825396825395
596142,"Sánchez, Gary",2090,-1.5768792627306034,0.4671916010498688,0,0.2857142857142857,0,0.6597938144329897,0,0.22916666666666666,0,0.506578947368421,0,0.5785714285714286,0,0.24,0,0.55,-1,0.13636363636363635
680779,"Davis, Henry",5094,-0.05619633086462156,0.48845947396672035,-1,0.19047619047619047,1,0.6180555555555556,0,0.24675324675324675,-1,0.5405405405405406,1,0.6410256410256411,-1,0.21568627450980393,-1,0.5882352941176471,1,0.25925925925925924
663743,"Fortes, Nick",4621,-1.1150748922253801,0.48928571428571427,-1,0.14393939393939395,-2,0.5972222222222222,-2,0.2,3,0.6056782334384858,-3,0.5338345864661654,1,0.3602941176470588,3,0.6,1,0.28125
669127,"Langeliers, Shea",5774,-4.738384332885702,0.44992880873279545,0,0.21333333333333335,-1,0.5592592592592592,0,0.2391304347826087,-4,0.4592074592074592,1,0.5965909090909091,-1,0.22413793103448276,-1,0.5782828282828283,1,0.2878787878787879
669224,"Wells, Austin",5521,4.816843702367079,0.49410609037328096,-1,0.17197452229299362,-2,0.6030534351145038,0,0.25190839694656486,2,0.5722222222222222,0,0.595360824742268,2,0.33986928104575165,4,0.6069651741293532,1,0.3005464480874317
643376,"Jansen, Danny",2718,-4.25262081880871,0.4423459244532803,-1,0.18478260869565216,-2,0.5328467153284672,0,0.18867924528301888,1,0.5842696629213483,-2,0.535031847133758,0,0.2840909090909091,-1,0.5258215962441315,0,0.22727272727272727
664954,"Sullivan, Brett",2882,-2.067186439253272,0.45009242144177447,0,0.19230769230769232,0,0.524822695035461,0,0.13559322033898305,0,0.5483870967741935,-1,0.5947368421052631,0,0.2916666666666667,0,0.5435684647302904,0,0.2
665804,"Amaya, Miguel",3494,0.5254912395062689,0.4948371723590151,1,0.25555555555555554,0,0.6604938271604939,1,0.3088235294117647,1,0.5089605734767025,0,0.6595744680851063,0,0.31521739130434784,-2,0.5426008968609866,0,0.22727272727272727
691740,"Susac, Daniel",3136,5.692800102379379,0.5004212299915753,1,0.23076923076923078,2,0.7183908045977011,1,0.35051546391752575,-2,0.4666666666666667,2,0.6388888888888888,0,0.23809523809523808,1,0.5440414507772021,0,0.3333333333333333
665966,"Narváez, Carlos",4603,3.43987447638363,0.46592244418331374,-1,0.14655172413793102,0,0.6055045871559633,1,0.28431372549019607,0,0.5079872204472844,2,0.6387096774193548,0,0.2916666666666667,0,0.5263157894736842,1,0.22929936305732485
691011,"Romo, Drew",3435,0.8300729942144403,0.46957236842105265,0,0.16494845360824742,-2,0.5029585798816568,0,0.27631578947368424,1,0.5371900826446281,-1,0.5409090909090909,0,0.34146341463414637,1,0.597457627118644,1,0.32978723404255317
595978,"Hedges, Austin",3810,2.542728576847824,0.4923525127458121,1,0.29357798165137616,2,0.6532663316582915,0,0.22093023255813954,1,0.5573770491803278,1,0.6083916083916084,-1,0.20833333333333334,-1,0.562753036437247,-1,0.24528301886792453
608348,"Kelly, Carson",5113,1.8404806220430459,0.47429171038824763,0,0.2206896551724138,1,0.5719844357976653,0,0.28431372549019607,0,0.5195121951219512,0,0.5865102639296188,0,0.2553191489361702,1,0.5826086956521739,0,0.2787878787878788
543510,"McCann, James",2130,-3.956819513719857,0.44556962025316454,-1,0.2,-1,0.5189873417721519,0,0.2857142857142857,-1,0.4722222222222222,-1,0.5683453237410072,0,0.32051282051282054,0,0.5586592178770949,0,0.21518987341772153
673237,"Diaz, Yainer",4213,-3.632521396498699,0.444515306122449,0,0.1643835616438356,0,0.5672268907563025,0,0.21839080459770116,0,0.5144694533762058,0,0.6275303643724697,-1,0.18556701030927836,-2,0.513986013986014,0,0.25
553869,"Díaz, Elias",3073,0.658151838582552,0.4682752457551385,1,0.25925925925925924,-1,0.5443037974683544,0,0.24528301886792453,2,0.6088888888888889,-1,0.58125,1,0.36082474226804123,-1,0.5343137254901961,0,0.20175438596491227
543309,"Higashioka, Kyle",3093,-1.5948874480110555,0.45768566493955093,-1,0.15841584158415842,-2,0.5251396648044693,-1,0.11267605633802817,1,0.5695067264573991,-1,0.5567567567567567,0,0.4032258064516129,1,0.586046511627907,1,0.2540983606557377
700337,"Quero, Edgar",3893,-3.5068843314803257,0.4635989010989011,0,0.18627450980392157,1,0.6432160804020101,0,0.3020833333333333,-3,0.4008438818565401,-1,0.575091575091575,-1,0.22727272727272727,0,0.5993589743589743,0,0.2755905511811024
663698,"Bart, Joey",2573,-2.4368956085852282,0.45962732919254656,-1,0.1724137931034483,0,0.6343283582089553,0,0.2702702702702703,0,0.4846938775510204,0,0.6120218579234973,-1,0.25757575757575757,0,0.524390243902439,0,0.24242424242424243
672275,"Bailey, Patrick",5469,3.9068132055598452,0.47612013786312163,1,0.22285714285714286,2,0.649402390438247,1,0.1935483870967742,2,0.5982404692082112,-2,0.5394088669950738,1,0.3375796178343949,-1,0.5544303797468354,-1,0.25274725274725274
605170,"Caratini, Victor",4486,2.4904844311459327,0.5042424242424243,0,0.21678321678321677,-1,0.603112840466926,0,0.2980769230769231,0,0.5179153094462541,4,0.7003154574132492,-1,0.325,-1,0.5787545787545788,0,0.2958579881656805
623168,"Heineman, Tyler",3215,3.394925994565081,0.4810810810810811,0,0.1518987341772152,1,0.6666666666666666,1,0.3283582089552239,0,0.4708994708994709,1,0.6261682242990654,0,0.2857142857142857,1,0.5622119815668203,1,0.26126126126126126
695600,"Jensen, Carter",5156,2.3765139006740084,0.4800827728918779,0,0.1780821917808219,-2,0.5843137254901961,-1,0.21296296296296297,3,0.6043689320388349,0,0.5669781931464174,0,0.3263888888888889,3,0.5691056910569106,0,0.23595505617977527
669257,"Smith, Will",3150,-1.209852736938692,0.49101796407185627,-1,0.208,1,0.6392405063291139,0,0.288135593220339,-1,0.5621890547263682,0,0.6306306306306306,0,0.2972972972972973,0,0.5933014354066986,0,0.256198347107438
641680,"Heim, Jonah",3571,-0.34885896149490286,0.475,0,0.21621621621621623,0,0.58,0,0.3181818181818182,0,0.5179153094462541,1,0.6829268292682927,0,0.3018867924528302,-2,0.5151515151515151,0,0.25
672386,"Kirk, Alejandro",3241,4.004860189746116,0.5017825311942959,0,0.19811320754716982,0,0.6136363636363636,0,0.35185185185185186,0,0.5364806866952789,1,0.6974358974358974,0,0.3132530120481928,1,0.569377990430622,2,0.32727272727272727
668939,"Rutschman, Adley",3886,5.0533840047045695,0.4636098981077147,0,0.20610687022900764,2,0.6269430051813472,0,0.25806451612903225,2,0.5462184873949579,2,0.5894308943089431,0,0.23469387755102042,-1,0.5243445692883895,0,0.2517985611510791
641598,"Garver, Mitch",2271,-3.7011932966233507,0.44653349001175086,0,0.19047619047619047,-1,0.5882352941176471,0,0.2641509433962264,-1,0.43956043956043955,-1,0.588957055214724,0,0.24444444444444444,0,0.5269461077844312,0,0.25
682848,"Rodríguez, Endy",2474,1.021583170155286,0.43552036199095023,0,0.13095238095238096,-1,0.5206611570247934,0,0.20833333333333334,0,0.4726027397260274,1,0.5878787878787879,1,0.41818181818181815,0,0.489247311827957,0,0.2524271844660194
669134,"Campusano, Luis",2839,-5.714620316248774,0.44697720515361744,0,0.21794871794871795,-1,0.5555555555555556,0,0.26229508196721313,-1,0.4909090909090909,0,0.6147186147186147,-1,0.1891891891891892,-2,0.47093023255813954,-1,0.2231404958677686
696100,"Goodman, Hunter",5725,-0.5935450332613191,0.4683852140077821,1,0.22826086956521738,2,0.6564625850340136,0,0.27358490566037735,-2,0.4877384196185286,2,0.6297297297297297,-2,0.2421875,-2,0.5103626943005182,0,0.2669683257918552
663886,"Stephenson, Tyler",6778,-8.628703108945675,0.4517561566410981,0,0.21951219512195122,0,0.5689655172413793,0,0.2440944881889764,-2,0.5086580086580087,-2,0.6053811659192825,-1,0.27624309392265195,-1,0.5408921933085502,-2,0.14035087719298245
624431,"Trevino, Jose",2129,2.917412596286929,0.47891156462585033,0,0.1111111111111111,0,0.5053763440860215,0,0.28888888888888886,-1,0.5263157894736842,1,0.6808510638297872,0,0.30158730158730157,1,0.5662650602409639,1,0.3020833333333333
661388,"Contreras, William",6809,-4.804772184459174,0.47805825242718447,-1,0.2033898305084746,0,0.5753846153846154,-1,0.2440944881889764,-2,0.5127118644067796,0,0.5961538461538461,-1,0.2925531914893617,1,0.6042884990253411,-1,0.23715415019762845
521692,"Perez, Salvador",3275,-6.009657198589162,0.44353518821603927,0,0.20652173913043478,-1,0.558974358974359,0,0.1485148514851485,0,0.5574468085106383,0,0.5631578947368421,-1,0.20689655172413793,-4,0.53125,-1,0.24489795918367346
668670,"Rogers, Jake",2564,-2.161488662323672,0.4612159329140461,0,0.13333333333333333,1,0.6821705426356589,0,0.275,-1,0.4484848484848485,-1,0.6233766233766234,0,0.23076923076923078,0,0.5384615384615384,0,0.2571428571428571
687221,"Rushing, Dalton",3900,-2.6295769025824813,0.4425770308123249,1,0.24719101123595505,0,0.5792349726775956,1,0.24358974358974358,0,0.5126353790613718,-1,0.5354330708661418,-1,0.15841584158415842,-1,0.5263157894736842,-1,0.21830985915492956
686948,"Baldwin, Drake",4452,1.4124109025835105,0.4632835820895522,1,0.22727272727272727,0,0.601123595505618,0,0.2318840579710145,1,0.5483870967741935,-2,0.5136986301369864,2,0.3630573248407643,1,0.5690140845070423,0,0.17880794701986755
680777,"Jeffers, Ryan",3764,0.8017891592492854,0.4747622531089978,0,0.20270270270270271,2,0.6425339366515838,0,0.2807017543859649,0,0.5833333333333334,0,0.5947368421052631,-1,0.2826086956521739,0,0.47692307692307695,0,0.2702702702702703