"player_id","player_name","team_name","start_year","end_year","sb_attempts","catcher_stealing_runs","caught_stealing_above_average","n_cs","rate_cs","est_cs_pct","cs_aa_per_throw","seasonal_runner_speed","runner_distance_from_second","pop_time","exchange_time","arm_strength","n_xcs_with_flight_over_xcs","n_xcs_with_exchange_over_xcs","n_xcs_with_accuracy_over_xcs","n_xcs_with_ground_other_over_xcs","n_xcs_with_onfly_other_over_xcs","n_xcs_with_untracked_other_over_xcs"
506702,"León, Sandy","ATL",2026,2026,16,0.1455449106280181,0.2239152471200279,5,0.3125,0.29850529705499823,0.013994702945001715,"28.20625",55.709579664630425,"1.930133333","0.624","74.306272",-1.5290600996546078,0.7503788060768535,0.7531881165709524,-0.37007138804543527,0.6194798121722651,0
543877,"Vázquez, Christian","HOU",2026,2026,46,-1.4686033107259748,-2.2593897088091914,10,0.2173913043478261,0.2665084719306346,-0.0491171675828085,"28.432608696",55.0765200822353,"1.9494375","0.5985","75.720527188",-2.2904827371257355,0.6892686528343444,0.1032609861858603,-0.8319646289948222,0.6307808035256377,-0.5602527852344764
606992,"Haase, Eric","SF",2026,2026,21,-0.09203426758504346,-0.1415911809000674,4,0.19047619047619047,0.19721862766190795,-0.00674243718571748,"28.647619048",53.94063366442146,"1.896615385","0.678538462","81.085035385",0.4268502370534802,-0.7295349244335484,-0.2676441306673552,0.18401789017259967,0.24471974697475646,0
608348,"Kelly, Carson","CHC",2026,2026,38,-2.0589086814996818,-3.167551817691818,6,0.15789473684210534,0.2412513636234689,-0.08335662678136366,"28.673684211",56.04847851237247,"1.917657143","0.626228571","79.698289429",0.053155216388146534,1.25749707455769,-0.07032287038984474,-0.5253165153074701,-3.8825647229403395,0
620443,"Torrens, Luis","NYM",2026,2026,22,2.8333866868076485,4.3590564412425366,9,0.4090909090909091,0.21095197994352105,0.19813892914738804,"28.690909091",53.00213781517027,"1.776","0.602","81.114600667",0.45387366823717196,0.36663367565491933,0.5537712716092836,-0.14950783926295763,3.1342856650041195,0
641555,"Escarra, J.C.","NYY",2026,2026,17,0.4282574634316069,0.658857636048626,5,0.2941176470588236,0.2553613155265514,0.03875633153227211,"28.688235294",56.27025867297029,"1.886384615","0.607230769","78.520821538",-0.18595510312368524,0.5688962228419101,0.1334941869702219,0.28285367690169555,-0.1404313475415162,0
641680,"Heim, Jonah","ATH",2026,2026,28,-1.8006661428613875,-2.7702556044021356,4,0.14285714285714285,0.24179484301436208,-0.09893770015721913,"28.607142857",55.31032106997436,"1.911458333","0.699416667","80.297572917",0.2873733600359885,-1.5149168748373443,1.6614636792530475,-0.2606772826574972,-2.94349848619633,0
642851,"Wynns, Austin","ATL",2026,2026,17,-1.1227534257325755,-1.7273129626655008,2,0.11764705882352944,0.2192537036862059,-0.10160664486267651,"28.676470588",54.97887474393736,"1.928923077","0.609692308","74.755858462",-0.9765073272585612,0.6142866782967142,-0.033312361890460565,-0.25142845870148156,-1.0454234005357255,-0.03492809257598678
657136,"Wong, Connor","BOS",2026,2026,22,-1.3817446771048574,-2.1257610416997803,2,0.0909090909090909,0.1875345928045355,-0.09662550189544455,"28.440909091",55.05012610058253,"1.972733333","0.670533333","80.543541333",0.20070018549282756,-1.0114771731161458,-0.5400639544894636,-0.4077793224711413,-0.35045512902914044,-0.01668564808671678
661388,"Contreras, William","MIL",2026,2026,31,3.63434833155369,5.591305125467215,12,0.3870967741935485,0.20673209272686402,0.18036468146668433,"28.893548387",54.16691165763831,"1.890608696","0.603826087","79.188655652",-0.20638817498732898,0.7778772795266392,0.46934718617395343,0.6658831472391536,3.8845856875147966,0
663728,"Raleigh, Cal","SEA",2026,2026,23,-0.8346332429832257,-1.2840511430511163,5,0.21739130434782608,0.2732196149152659,-0.05582831056743986,"28.234782609",55.69600357802914,"1.999235294","0.660411765","79.08724",-0.23861452546772854,-0.49531958179834157,-0.5452698580550976,0.4463119824093321,-0.3142157711756564,-0.1369433889636244
663886,"Stephenson, Tyler","CIN",2026,2026,57,-1.215578040026233,-1.8701200615788203,10,0.17543859649122803,0.20824772037857578,-0.03280912388734771,"28.873684211",55.38057803469878,"1.942097561","0.689585366","79.365",-0.11925675661120926,-2.9561095561215978,0.18191467098964642,0.4420954908213879,0.6641303386885643,-0.08289424934561114
665966,"Narváez, Carlos","BOS",2026,2026,29,0.16966517488970928,0.2610233459841679,6,0.2068965517241379,0.19789574669020107,0.009000805033936833,"28.579310345",55.19352755541228,"1.952565217","0.615434783","73.452824783",-1.9272877762422385,1.102425078709755,-0.05433021889371201,0.7893438639186867,0.35087239849167695,0
668670,"Rogers, Jake","DET",2026,2026,22,0.2579376907314873,0.3968272165099809,5,0.22727272727272727,0.20923512652227358,0.018037600750453672,"28.190909091",53.47274964659788,"1.945","0.587090909","76.623165455",-0.7276343609419489,-0.13195821539690633,0.007833647172968486,0.11117884022787339,1.137420131481993,-0.000012826033998641722
671056,"Herrera, Iván","STL",2026,2026,20,-3.1879306998388657,-4.904508768982869,0,0,0.2452254384491434,-0.2452254384491434,"28.53",55.61902239551763,"1.994777778","0.649611111","77.388912778",-0.7245157349547199,-0.015863761596014075,-1.0045206295808977,-0.878330467004012,-2.281278175847225,0
672275,"Bailey, Patrick","CLE",2026,2026,37,1.63353867506475,2.513136423176538,13,0.3513513513513514,0.28342874531955303,0.06792260603179828,"28.137837838",56.22966055186341,"1.841433333","0.586233333","80.99583",0.6774618281161151,1.9345053469962066,0.5078668239171632,-0.2225752641289236,0.4487728459171084,-0.8328951576411319
673237,"Diaz, Yainer","HOU",2026,2026,34,-0.2128018869709079,-0.3273875184167807,7,0.20588235294117652,0.2155113976004935,-0.009629044659317071,"28.402941176",54.41959801857902,"1.95862963","0.692111111","83.476472593",1.9794574177797135,-1.4899635041615682,1.2466110334896112,-0.6459001581418129,-1.4175923073827246,0
676439,"Feduccia, Hunter","TB",2026,2026,29,-1.701537411202076,-2.6177498633878082,5,0.17241379310344826,0.2626810297719934,-0.09026723666854508,"28.268965517",55.572876445285694,"1.98773913","0.725347826","80.549594348",0.3250729947838058,-2.472161001008556,-1.1866861752245395,-0.10947750450031755,0.8255018225618,0
680777,"Jeffers, Ryan","MIN",2026,2026,20,-1.3696355713822725,-2.107131648280419,3,0.15,0.2553565824140209,-0.10535658241402095,"28.515",55.35490590075269,"1.936461538","0.655769231","79.829004615",0.006219982571080265,-1.2690979864804603,-0.314455322269488,-0.3489990701475618,-0.18079925195398938,0
682626,"Alvarez, Francisco","NYM",2026,2026,22,-0.8407279216882635,-1.2934275718280974,3,0.13636363636363638,0.19515579871945898,-0.05879216235582262,"28.168181818",54.165718440804234,"1.902785714","0.666071429","82.343382857",0.48692434241248106,-1.162893785478597,-0.1748380901407336,-0.7227645775521834,0.2824628127915453,-0.002318273860610096
682663,"Ramírez, Agustín","MIA",2026,2026,14,-0.5032833805215723,-0.7742821238793416,2,0.14285714285714285,0.1981630088485244,-0.055305865991381584,"28.192857143",54.06965466869654,"2.009125","0.7785","81.00183875",0.16033366500274243,-1.5851976457882644,0.1270208356259224,-0.28989187119612014,0.8134528924763781,0
686452,"Millas, Drew","WSH",2026,2026,21,-0.9059626089720278,-1.3937886291877344,4,0.19047619047619047,0.25684707758036834,-0.06637088710417782,"28.828571429",54.34999416639647,"1.8554","0.697","82.85441",0.8014977287544318,-1.2649078695042484,-1.3866135504612653,-0.47460694762090794,0.5328549833927134,0.3979870262515419
686780,"Pagés, Pedro","STL",2026,2026,39,2.0935639373592227,3.2208675959372655,14,0.358974358974359,0.2763880103605829,0.08258634861377606,"28.279487179",56.71712113774827,"1.910055556","0.637571429","81.180438",1.0118450770819085,0.970062014196371,0.9833563136713094,-0.5781261268202111,0.8337303178078876,0
686948,"Baldwin, Drake","ATL",2026,2026,24,-2.948599777446837,-4.536307349918211,1,0.04166666666666666,0.23067947291325874,-0.1890128062465921,"28.058333333",55.83369991162718,"1.919842105","0.595894737","77.258714737",-0.8161480076323964,0.5561909332163396,-0.765719173282565,-0.4490316317279423,-3.061599470491647,0
687221,"Rushing, Dalton","LAD",2026,2026,24,0.1856696380806827,0.28564559704720394,5,0.20833333333333331,0.19643143345636652,0.011901899876966826,"28.3875",54.48249751790233,"1.905318182","0.607136364","78.916315",-0.41168692820202973,1.4534136313938903,-0.16992320496963878,0.4952343756780285,-1.0813922768530466,0
691011,"Romo, Drew","CWS",2026,2026,29,0.6937902051727647,1.0673695464196382,7,0.24137931034482762,0.20457346391656422,0.03680584642826337,"28.255172414",54.187692609903,"1.83964","0.61804","80.707196",0.4528138377402794,1.1608598699039598,0.12689553799486697,0.10590583505857151,-0.7791055342780393,0
691019,"Teel, Kyle","CWS",2026,2026,15,0.5032440862520147,0.7742216711569456,4,0.2666666666666667,0.21505188858953697,0.05161477807712969,"28.36",54.49986638740231,"1.95925","0.699583333","82.138084167",0.60761638882961,-0.5819791373903886,0.49539241770089865,-0.33156614582910837,0.5847581478459339,0
691740,"Susac, Daniel","SF",2026,2026,23,1.824085018023786,2.8062846431135173,7,0.30434782608695654,0.18233545029941228,0.1220123757875442,"28.886956522",54.00495757481277,"1.833578947","0.615421053","80.701827368",0.5346103843367053,0.45310861279576664,0.07676117768387435,1.4778610885135546,0.2639433797836161,0
694212,"Basallo, Samuel","BAL",2026,2026,26,0.40627819581977875,0.625043378184275,7,0.2692307692307693,0.24519063930060486,0.024040129930164425,"28.469230769",56.10846188702551,"1.915583333","0.708041667","84.71021875",2.125668540756207,-1.0337486257682789,-1.3190431588107785,0.648435443571431,0.2037311784356946,0
695600,"Jensen, Carter","KC",2026,2026,30,2.3962798666668608,3.6865844102567085,10,0.33333333333333337,0.21044718632477638,0.12288614700855695,"28.62",54.89035996625447,"1.863666667","0.655095238","82.140240476",0.8592934078351161,-0.7764920867493816,-0.7240292333414099,-0.11118654865006927,4.438998871162454,0
696100,"Goodman, Hunter","COL",2026,2026,35,-0.2935899939565194,-0.4516769137792605,7,0.19999999999999998,0.21290505467940743,-0.01290505467940745,"28.485714286",54.78010156778026,"1.9032","0.68464","80.8395588",0.49025599829904193,-1.3817897107130448,-0.8252207004159424,1.521916112913004,-0.2568386138623195,0
700337,"Quero, Edgar","CWS",2026,2026,23,0.37337791764195494,0.5744275656030075,6,0.2608695652173913,0.23589445366943443,0.024975111547956834,"29.039130435",55.803052918817414,"1.924933333","0.584066667","77.640308",-0.6018422589339463,0.8656358505540724,-1.0484413590490278,1.2501229429360432,0.1089523900958661,0
521692,"Perez, Salvador","KC",2026,2026,17,0.18853780783809715,0.29005816590476474,4,0.23529411764705882,0.21823187259383736,0.017062245053221452,"28.947058824",55.38526630591708,"1.948769231","0.607307692","76.999984615",-0.4922185349789797,0.6343726060971456,-0.05798227412605972,-0.31419237530358857,0.5202292435815531,-0.0001504993653059487
543309,"Higashioka, Kyle","TEX",2026,2026,35,-2.3931082383617324,-3.681704982094973,6,0.17142857142857149,0.27662014234557064,-0.10519157091699927,"28.44",57.279158535513794,"2.031","0.6493","74.163525",-3.01721040079834,0.02417723794891396,-2.1882581563306838,0.86027503214333,0.6393113049418088,0
543510,"McCann, James","AZ",2026,2026,15,0.25434509672416517,0.39130014880640795,3,0.2,0.17391332341290613,0.026086676587093856,"28.68",54.01008546630881,"1.953083333","0.6355","77.7206925",-0.3205644591322632,0.21764921567869053,0.47102408925574935,-1.1770242862642066,1.200215589268438,0
553869,"Díaz, Elias","TEX",2026,2026,11,0.46317790633969413,0.71258139436876,3,0.27272727272727276,0.20794714596647637,0.06478012676079638,"28.3",52.94300900203331,"1.7681","0.6095","81.633422",0.3992650448028887,0.6946809659480206,0.28200305746203763,0,-0.6633676738441869,0
592663,"Realmuto, J.T.","PHI",2026,2026,40,1.6026453550767188,2.4656082385795672,9,0.225,0.1633597940355108,0.061640205964489186,"28.7525",53.685515190887635,"1.795235294","0.598411765","82.321928529",1.5510651517006848,2.386075940824001,-0.7378626538705502,-1.5126958715070178,0.7790256714324502,0
595978,"Hedges, Austin","CLE",2026,2026,29,-1.951219977200277,-3.0018768880004263,2,0.06896551724137932,0.17247851337932504,-0.10351299613794572,"28.744827586",53.28368268618382,"1.891230769","0.635384615","80.516613846",0.23958281472824328,-1.5293893745506493,-1.1447954632498956,-0.5676938276814738,0.0011512922887800814,-0.0007323295354303889
596117,"Stubbs, Garrett","PHI",2026,2026,11,1.2737165319294894,1.959563895276137,4,0.3636363636363637,0.18549419133853293,0.17814217229783066,"28.509090909",54.17665718669657,"1.853142857","0.625857143","82.347378571",0.35522763551818926,0.1786759372791263,-0.4255763178547946,0.6134863157673152,1.2377503245663013,0
605170,"Caratini, Victor","MIN",2026,2026,40,-3.8016931503873854,-5.848758692903669,4,0.1,0.24621896732259174,-0.14621896732259174,"28.31",54.923669187605086,"2.063407407","0.680925926","76.191050741",-1.781919927911376,-1.794280218860184,1.040137412114515,-0.21620989356408438,-3.5846458476089365,0.4881597829263974
623168,"Heineman, Tyler","LAA",2026,2026,28,1.592072088062803,2.449341673942774,7,0.25,0.16252351164490095,0.08747648835509907,"28.667857143",53.50883895311887,"1.892272727","0.561818182","74.593145909",-1.6214811445758255,2.543289589448663,0.48936019583355905,1.1670731515700674,-0.0039470438273475905,-0.12495307450634235
624431,"Trevino, Jose","CIN",2026,2026,19,0.31475384907855053,0.48423669089007726,4,0.21052631578947367,0.18504017416368018,0.025486141625793553,"28.589473684",55.67085926193192,"2.002214286","0.616285714","74.743492143",-1.1489659698856012,0.34053918735473326,1.5932065994059315,-0.497604472172569,0.19706134618758264,0
624512,"McGuire, Reese","CWS",2026,2026,13,-1.4782145092140222,-2.274176168021573,0,0,0.17493662830935178,-0.17493662830935178,"28.584615385",54.9031865313747,"1.9579","0.4996","76.715398",-0.39627586591062774,1.1314857714687399,0.15811503699176852,-0.7608415110232308,-2.4066595995482225,0
641598,"Garver, Mitch","SEA",2026,2026,27,-1.622471668601289,-2.496110259386599,4,0.14814814814814817,0.24059667627357773,-0.09244852812542959,"28.362962963",54.359695951191235,"1.995538462","0.686461538","76.041083846",-0.8164897603261128,-2.4952857218462148,0.6604848249730632,0.05458504368242473,0.9962889831113373,-0.8956936289810964
643376,"Jansen, Danny","TEX",2026,2026,26,-0.22672597322095417,-0.3488091895706986,6,0.23076923076923087,0.24418496882964225,-0.013415738060411493,"28.611538462",56.06068752900307,"2.012526316","0.685315789","76.308865789",-1.216689784062586,-0.7944654048811773,-0.8795744752555287,0.6900755755059143,1.2856036842055618,0.5662412149171179
656577,"Jackson, Alex","MIN",2026,2026,11,-0.31393384463505636,-0.4829751455923944,2,0.1818181818181818,0.22572501323567223,-0.04390683141749042,"28.663636364",54.0811454088044,"1.839777778","0.647555556","82.682268889",0.4665788747087198,0.14302843375796992,0.03966862685491129,-0.8145870987944155,-0.31766398211957986,0
660688,"Ruiz, Keibert","WSH",2026,2026,47,-0.35582859981499443,-0.5474286150999909,11,0.23404255319148934,0.2456899705340423,-0.011647417342553031,"28.340425532",55.189068064692016,"1.972615385","0.660717949","75.986358205",-2.584031372527932,-0.993858956096955,1.8077052212957776,-0.17774593384447512,1.4005024260735932,0
660710,"Durán, Rodolfo","SD",2026,2026,21,1.8528433893010874,2.850528291232443,7,0.3333333333333333,0.19759389089369322,0.13573944243964012,"28.6",54.217305166861564,"1.871666667","0.641","84.712416667",1.3482022860984784,-0.0404342239594558,0.6097411430525468,-0.2961294714011945,1.3008380726132682,-0.0716895151712006
663698,"Bart, Joey","ATL",2026,2026,22,-0.353621078555252,-0.5440324285465413,4,0.1818181818181818,0.20654692857029736,-0.02472874675211553,"28.663636364",53.37976212222584,"1.872875","0.66225","80.4534575",0.21505958515377524,-0.18004856873013644,0.10755315509184335,0.31342097573051864,-1.000017575792542,0
663743,"Fortes, Nick","TB",2026,2026,59,0.3827375191469059,0.5888269525337009,12,0.2033898305084746,0.19340971266892032,0.009980117839554256,"28.462711864",54.41082676215016,"1.891442308","0.625115385","79.067726731",-0.45144986966990097,2.7649190686107334,0.7287657272331896,-1.48172072491757,-0.9716872487227519,0
664731,"Higgins, P.J.","CIN",2026,2026,13,-0.7468130721683044,-1.1489431879512375,2,0.15384615384615385,0.2422263990731721,-0.08838024522701826,"28.461538462",56.00132969811585,"1.957846154","0.655923077","75.462628462",-0.8428840859038895,0.15452251274634682,0.4945543613184643,-0.09037573687704076,-0.864760239235118,0
664954,"Sullivan, Brett","COL",2026,2026,27,-1.367985510586514,-2.104593093210022,3,0.11111111111111112,0.18905900345222298,-0.0779478923411119,"28.414814815",54.50236409504306,"1.951181818","0.6995","80.588368636",0.35328060708325315,-0.8673227141360669,0.8772966829615148,0.7823362655547205,-3.2501839346734434,0
665561,"Marchán, Rafael","PHI",2026,2026,11,1.1894027391098942,1.8298503678613756,4,0.36363636363636365,0.19728633019442038,0.1663500334419432,"28.5",54.669018126718484,"1.8766","0.5962","81.948137",0.34599400196762303,0.8354683659725977,0.46862583035288985,-0.5527547525581274,0.7325169221263927,0
665804,"Amaya, Miguel","CHC",2026,2026,20,0.6068295180672431,0.9335838739496045,6,0.30000000000000004,0.25332080630251974,0.046679193697480234,"28.61",56.05137004381247,"1.938222222","0.643722222","80.842320556",0.32543225178510476,0.36133544915040755,0.27328141295750186,-0.7857629193399682,0.7592976793965586,0
666023,"Fermin, Freddy","SD",2026,2026,37,2.004400428962118,3.0836929676340272,12,0.32432432432432423,0.2409812711450263,0.08334305317929802,"28.608108108",54.64095857703143,"1.831133333","0.598366667","81.917434333",1.3960057199549165,1.7243827221276502,-0.7745608743000589,0.17564589169224576,0.5622195081592738,0
666310,"Naylor, Bo","CLE",2026,2026,16,-0.9040146038244753,-1.3907916981915005,2,0.12500000000000003,0.21192448113696874,-0.08692448113696878,"28.30625",53.32953292262536,"1.883090909","0.651454545","80.320974545",0.13451459448821856,-0.5770001451823163,0.02786604947629316,-0.28274074529254356,-0.5678359134897535,-0.1255955381913986
668939,"Rutschman, Adley","BAL",2026,2026,34,3.291440029833417,5.063753892051412,14,0.411764705882353,0.2628307678808408,0.1489339380015121,"28.402941176",55.36589656141623,"1.918142857","0.663535714","81.447843929",1.226483152871931,-0.03525481786917174,-1.6613032343218186,3.0394777136482936,2.578318435220184,-0.08396735749800613
669127,"Langeliers, Shea","ATH",2026,2026,32,1.5983112363034955,2.458940363543838,10,0.3125,0.23565811363925507,0.07684188636074495,"28.684375",55.303232131105055,"1.831","0.633833333","84.272837667",2.533235967613344,1.2089612901950841,-0.4255834369278173,-1.6091517525536376,0.7514782952168635,0
669134,"Campusano, Luis","SD",2026,2026,16,-0.28324734664510776,-0.435765148684781,3,0.1875,0.2147353217927988,-0.027235321792798816,"28.00625",54.04814428569743,"1.902","0.657090909","79.72964",-0.05590259600605159,-0.2179409445058446,0.03967332050788225,0.3483296990276835,-0.5499246277084507,0
669224,"Wells, Austin","NYY",2026,2026,25,-2.1298679698102556,-3.2767199535542395,3,0.12,0.25106879814216965,-0.13106879814216957,"28.36",55.39908092038934,"1.981111111","0.618055556","76.572730556",-1.1973716514311548,0.8608815122242667,-2.5753803051923776,-0.3019251062171759,-0.9108949098912225,0.8479705069534241
669257,"Smith, Will","LAD",2026,2026,23,-0.49572124649654403,-0.7626480715331445,4,0.17391304347826084,0.20707165528404975,-0.03315861180578889,"28.42173913",54.20358429772078,"1.937058824","0.671882353","80.127068235",0.1477570523664524,-0.8816856648116136,0.7991589820436786,0.17204928809939798,-0.9999277292310602,0
672386,"Kirk, Alejandro","TOR",2026,2026,30,-0.09834040733974386,-0.1512929343688365,5,0.16666666666666669,0.1717097644789612,-0.0050430978122945405,"28.55",53.58319850574277,"1.991421053","0.64","77.402854211",-0.6487259218655338,-0.8836092581332564,0.5424704184210938,0.46579977417473983,0.3756405205988332,-0.0028684675647130597
672515,"Moreno, Gabriel","AZ",2026,2026,25,1.2598218986574092,1.9381875363960142,7,0.28,0.20247249854415944,0.07752750145584056,"28.433333333",54.98285647701227,"1.846545455","0.634363636","79.284555909",0.004626873518284162,0.487496964419123,0.7649383336637174,1.183343227838271,-0.502217863043381,0
678218,"Valenzuela, Brandon","TOR",2026,2026,41,1.6491200177784793,2.537107719659199,10,0.24390243902439024,0.18202176293514147,0.06188067608924873,"28.619512195",54.48197696839401,"1.873277778","0.627416667","81.960166944",1.1105577377551805,0.922295903482401,0.9044605055492749,-0.5439117424217033,0.14370531529404598,0
680779,"Davis, Henry","PIT",2026,2026,16,1.544848633239884,2.376690204984438,7,0.4375,0.28895686218847266,0.14854313781152736,"28.28125",57.09840159657829,"1.874909091","0.602454545","85.57823",1.176234342390107,-0.23088411820055468,0.01406293745226353,0.7374819187493651,0.6797951245932565,0
681351,"O'Hoppe, Logan","LAA",2026,2026,44,-0.8652859528204406,-1.331209158185293,8,0.18181818181818185,0.21207293541330213,-0.03025475359512028,"28.415909091",54.05546888194342,"1.978611111","0.729861111","81.999452222",1.5371681199682616,-2.3808305751981673,0.5196551930500822,-0.10260615816703644,-0.9045957378384332,0
681508,"Gasper, Mickey","BOS",2026,2026,12,-1.2096402929105763,-1.8609850660162714,0,0,0.1550820888346893,-0.1550820888346893,"28.708333333",53.79482159241893,"1.901666667","0.591888889","77.790523333",-0.29936164998598896,0.6755231576073711,-0.7702723240715487,-0.24071513647349635,-1.2252706827419846,-0.0008884303506242812
682848,"Rodríguez, Endy","PIT",2026,2026,17,-0.9245557913220431,-1.4223935251108362,2,0.11764705882352941,0.20131726618299034,-0.08367020735946093,"28.552941176",53.47905870166734,"1.861333333","0.6495","82.387170833",0.4666531634570268,-0.17895412198181973,-0.31474878456357513,-0.0873408928795576,-1.30800288914291,0
689414,"Hicks, Liam","MIA",2026,2026,31,0.33887644033745384,0.5213483697499285,5,0.16129032258064516,0.1444726332338733,0.016817689346771914,"28.47",53.15848090772767,"1.934785714","0.679928571","79.031341786",-0.18361066255682398,-0.47409521458050596,0.6782499262194424,0.879858781262197,-0.37905446059438064,0
691788,"Mack, Joe","MIA",2026,2026,34,2.7605703902486187,4.247031369613261,10,0.2941176470588235,0.16920495971725705,0.12491268734156646,"28.538235294",54.1267158662749,"1.855230769","0.589153846","80.889966923",0.45078694398778946,1.736859677758553,-0.15121734252572874,0.7426195593175654,1.7276396351322436,-0.2596571040571628
693307,"Dingler, Dillon","DET",2026,2026,30,0.15603637191471292,0.24005595679186625,5,0.16666666666666669,0.1586648014402711,0.00800186522639554,"28.67",52.35010227198795,"1.835538462","0.639115385","84.109481154",1.7268118425212875,0.5683801907129912,0.044585946075010825,0.08636559445202306,-2.1860876169694454,0
701852,"Cavanaugh, Drew","SF",2026,2026,11,-0.29847333013679284,-0.459189738671989,2,0.18181818181818182,0.22356270351563537,-0.04174452169745357,"27.681818182",52.389701272346684,"1.850222222","0.632777778","80.611178889",0.22416331790703986,0.3008047910096665,-0.5946081881434466,0.30067882963057857,-0.6902284890758272,0